"Date","Price","Open","High","Low","Vol.","Change %"
"Aug 07, 2018","6,130.6","6,010.0","6,145.0","5,982.6","1.13K","2.01%"
"Aug 06, 2018","6,010.0","6,085.7","6,188.8","5,920.0","1.14K","-1.24%"
"Aug 05, 2018","6,085.7","6,055.7","6,134.1","5,958.0","0.88K","0.49%"
"Aug 04, 2018","6,055.7","6,415.0","6,470.0","6,000.0","1.39K","-5.60%"
"Aug 03, 2018","6,415.0","6,510.3","6,514.8","6,311.0","1.42K","-1.47%"
"Aug 02, 2018","6,510.5","6,528.6","6,628.9","6,440.2","1.09K","-0.28%"
"Aug 01, 2018","6,528.6","6,614.4","6,614.4","6,374.1","1.85K","-1.30%"
"Jul 31, 2018","6,614.4","6,984.0","6,984.0","6,550.9","1.93K","-5.35%"
"Jul 30, 2018","6,988.5","7,052.7","7,098.3","6,718.3","1.61K","-0.91%"
"Jul 29, 2018","7,052.7","7,055.0","7,092.0","6,979.9","0.44K","-0.03%"
"Jul 28, 2018","7,055.0","7,025.0","7,084.1","6,939.1","0.53K","0.43%"
"Jul 27, 2018","7,025.0","6,816.0","7,100.0","6,707.6","1.88K","3.07%"
"Jul 26, 2018","6,816.0","6,970.0","7,130.0","6,755.0","1.78K","-2.21%"
"Jul 25, 2018","6,970.0","7,180.0","7,256.0","6,887.0","2.59K","-3.06%"
"Jul 24, 2018","7,189.9","6,609.7","7,250.0","6,601.0","3.27K","8.78%"
"Jul 23, 2018","6,609.7","6,320.2","6,670.0","6,306.8","1.86K","4.58%"
"Jul 22, 2018","6,320.2","6,323.5","6,444.6","6,267.0","0.61K","-0.08%"
"Jul 21, 2018","6,325.4","6,260.2","6,363.0","6,163.0","0.61K","1.04%"
"Jul 20, 2018","6,260.3","6,418.3","6,570.0","6,199.0","1.65K","-2.46%"
"Jul 19, 2018","6,418.3","6,330.3","6,490.0","6,239.6","1.51K","1.39%"
"Jul 18, 2018","6,330.3","6,275.1","6,514.2","6,221.0","2.56K","0.88%"
"Jul 17, 2018","6,275.1","5,729.9","6,400.0","5,673.8","2.63K","9.51%"
"Jul 16, 2018","5,729.9","5,438.3","5,749.0","5,417.9","3.20K","5.42%"
"Jul 15, 2018","5,435.2","5,375.7","5,483.0","5,351.0","0.40K","1.11%"
"Jul 14, 2018","5,375.7","5,338.7","5,440.0","5,306.9","0.41K","0.69%"
"Jul 13, 2018","5,338.7","5,362.2","5,432.0","5,257.2","0.95K","-0.40%"
"Jul 12, 2018","5,360.0","5,470.0","5,470.0","5,218.0","1.23K","-2.01%"
"Jul 11, 2018","5,470.0","5,381.2","5,477.7","5,366.0","0.95K","1.69%"
"Jul 10, 2018","5,378.9","5,676.1","5,680.0","5,363.7","1.53K","-5.24%"
"Jul 09, 2018","5,676.1","5,718.9","5,792.0","5,652.9","0.92K","-0.74%"
"Jul 08, 2018","5,718.7","5,758.7","5,773.0","5,682.6","0.49K","-0.70%"
"Jul 07, 2018","5,758.7","5,641.4","5,800.0","5,564.0","0.45K","2.08%"
"Jul 06, 2018","5,641.4","5,599.8","5,673.2","5,524.2","0.83K","0.73%"
"Jul 05, 2018","5,600.7","5,659.5","5,750.0","5,542.8","1.08K","-1.03%"
"Jul 04, 2018","5,658.9","5,598.8","5,830.0","5,507.8","0.97K","1.18%"
"Jul 03, 2018","5,593.0","5,695.4","5,739.8","5,563.1","0.97K","-1.80%"
"Jul 02, 2018","5,695.4","5,454.2","5,762.5","5,400.0","1.49K","4.42%"
"Jul 01, 2018","5,454.2","5,467.9","5,497.8","5,365.7","0.48K","-0.25%"
"Jun 30, 2018","5,467.9","5,300.0","5,523.0","5,287.0","0.91K","3.17%"
"Jun 29, 2018","5,300.0","5,065.7","5,375.9","4,968.4","1.81K","4.54%"
"Jun 28, 2018","5,069.6","5,312.2","5,328.9","5,031.8","1.60K","-4.57%"
"Jun 27, 2018","5,312.2","5,219.5","5,367.8","5,155.9","1.03K","1.78%"
"Jun 26, 2018","5,219.5","5,343.6","5,380.0","5,204.5","1.01K","-2.32%"
"Jun 25, 2018","5,343.6","5,289.0","5,443.6","5,213.9","1.41K","1.05%"
"Jun 24, 2018","5,288.0","5,307.1","5,401.8","4,958.5","1.64K","-0.36%"
"Jun 23, 2018","5,307.1","5,218.8","5,379.5","5,184.4","0.76K","1.85%"
"Jun 22, 2018","5,210.5","5,800.0","5,803.5","5,100.0","2.36K","-10.18%"
"Jun 21, 2018","5,801.1","5,835.0","5,888.5","5,770.0","0.72K","-0.58%"
"Jun 20, 2018","5,835.0","5,829.1","5,883.0","5,675.8","0.74K","0.10%"
"Jun 19, 2018","5,829.3","5,775.3","5,944.5","5,742.1","1.11K","0.93%"
"Jun 18, 2018","5,775.6","5,560.9","5,863.6","5,511.0","1.47K","3.86%"
"Jun 17, 2018","5,560.9","5,605.7","5,660.8","5,552.3","0.58K","-0.80%"
"Jun 16, 2018","5,605.7","5,519.9","5,657.0","5,465.2","0.58K","1.55%"
"Jun 15, 2018","5,519.9","5,753.3","5,768.6","5,503.0","1.15K","-4.06%"
"Jun 14, 2018","5,753.3","5,348.7","5,808.0","5,337.0","2.51K","7.56%"
"Jun 13, 2018","5,348.7","5,576.6","5,639.0","5,211.0","2.51K","-4.10%"
"Jun 12, 2018","5,577.5","5,871.0","5,871.0","5,503.3","2.40K","-5.00%"
"Jun 11, 2018","5,871.0","5,759.0","5,899.0","5,636.1","2.11K","1.94%"
"Jun 10, 2018","5,759.0","6,401.4","6,401.4","5,712.0","2.41K","-10.04%"
"Jun 09, 2018","6,401.4","6,487.5","6,535.0","6,401.4","0.40K","-1.33%"
"Jun 08, 2018","6,487.5","6,534.7","6,534.7","6,438.1","0.74K","-0.72%"
"Jun 07, 2018","6,534.7","6,520.8","6,586.6","6,489.4","0.79K","0.31%"
"Jun 06, 2018","6,514.7","6,509.6","6,549.0","6,383.0","0.97K","0.08%"
"Jun 05, 2018","6,509.6","6,420.8","6,551.3","6,330.0","1.18K","1.38%"
"Jun 04, 2018","6,420.8","6,618.7","6,653.0","6,375.0","1.03K","-2.99%"
"Jun 03, 2018","6,618.7","6,569.8","6,668.1","6,560.0","0.68K","0.74%"
"Jun 02, 2018","6,569.8","6,449.8","6,600.0","6,405.7","0.66K","1.86%"
"Jun 01, 2018","6,449.8","6,414.2","6,514.2","6,318.8","0.92K","0.56%"
"May 31, 2018","6,414.2","6,346.2","6,528.5","6,301.8","1.04K","1.07%"
"May 30, 2018","6,346.2","6,477.0","6,549.9","6,261.0","1.15K","-2.03%"
"May 29, 2018","6,477.6","6,114.4","6,545.9","6,080.0","1.66K","5.94%"
"May 28, 2018","6,114.4","6,297.0","6,368.7","6,101.0","1.36K","-2.90%"
"May 27, 2018","6,297.0","6,313.5","6,344.3","6,225.8","0.69K","-0.26%"
"May 26, 2018","6,313.5","6,431.8","6,544.4","6,287.6","0.55K","-1.84%"
"May 25, 2018","6,431.8","6,479.0","6,545.2","6,284.9","1.16K","-0.73%"
"May 24, 2018","6,479.0","6,425.0","6,600.0","6,200.0","2.01K","0.94%"
"May 23, 2018","6,418.6","6,801.0","6,833.0","6,380.0","2.82K","-5.63%"
"May 22, 2018","6,801.3","7,113.7","7,130.7","6,787.0","1.22K","-4.56%"
"May 21, 2018","7,126.0","7,244.3","7,316.8","7,076.5","0.95K","-1.57%"
"May 20, 2018","7,239.5","7,013.8","7,285.0","6,960.0","0.62K","3.22%"
"May 19, 2018","7,013.8","7,014.5","7,118.0","6,940.0","0.40K","-0.01%"
"May 18, 2018","7,014.5","6,859.3","7,042.3","6,751.0","1.05K","2.26%"
"May 17, 2018","6,859.3","7,065.0","7,154.3","6,800.0","1.11K","-2.91%"
"May 16, 2018","7,065.0","7,180.5","7,200.0","6,874.6","1.91K","-1.61%"
"May 15, 2018","7,180.5","7,256.9","7,420.0","7,128.0","1.59K","-1.05%"
"May 14, 2018","7,256.9","7,299.3","7,450.0","6,922.2","2.85K","-0.58%"
"May 13, 2018","7,299.3","7,092.0","7,349.0","7,016.4","0.98K","2.92%"
"May 12, 2018","7,092.0","7,055.0","7,292.6","6,873.0","1.66K","0.52%"
"May 11, 2018","7,055.0","7,587.6","7,589.3","7,014.5","2.80K","-7.02%"
"May 10, 2018","7,587.6","7,847.5","7,920.0","7,560.6","1.21K","-3.31%"
"May 09, 2018","7,847.5","7,743.4","7,900.0","7,580.0","1.36K","1.34%"
"May 08, 2018","7,743.4","7,857.0","7,942.0","7,651.0","1.42K","-1.45%"
"May 07, 2018","7,857.0","8,015.0","8,035.6","7,720.0","1.83K","-1.97%"
"May 06, 2018","8,015.0","8,210.0","8,275.0","7,899.0","1.27K","-2.38%"
"May 05, 2018","8,210.0","8,109.0","8,321.0","8,077.6","1.35K","1.25%"
"May 04, 2018","8,109.0","8,094.0","8,166.0","7,858.7","1.97K","0.12%"
"May 03, 2018","8,099.3","7,693.7","8,149.5","7,640.0","2.47K","5.27%"
"May 02, 2018","7,693.8","7,541.0","7,717.0","7,483.8","1.45K","1.88%"
"May 01, 2018","7,551.8","7,655.8","7,659.0","7,339.0","1.48K","-1.34%"
"Apr 30, 2018","7,654.0","7,752.9","7,777.8","7,554.9","1.38K","-1.28%"
"Apr 29, 2018","7,752.9","7,695.0","7,800.0","7,600.0","0.98K","0.75%"
"Apr 28, 2018","7,695.0","7,372.3","7,745.3","7,340.0","1.05K","4.38%"
"Apr 27, 2018","7,372.4","7,660.0","7,777.0","7,360.0","2.10K","-3.77%"
"Apr 26, 2018","7,661.0","7,291.0","7,694.0","7,120.4","2.98K","5.01%"
"Apr 25, 2018","7,295.3","7,930.4","7,972.8","7,185.1","5.95K","-8.01%"
"Apr 24, 2018","7,930.4","7,314.5","7,995.0","7,314.5","3.54K","8.42%"
"Apr 23, 2018","7,314.5","7,175.0","7,347.0","7,150.0","1.59K","1.94%"
"Apr 22, 2018","7,175.0","7,246.5","7,350.9","7,125.1","1.45K","-0.99%"
"Apr 21, 2018","7,246.5","7,249.5","7,397.5","7,003.2","1.97K","-0.04%"
"Apr 20, 2018","7,249.5","6,717.0","7,299.0","6,685.0","2.98K","7.93%"
"Apr 19, 2018","6,717.0","6,607.5","6,738.8","6,550.0","1.72K","1.66%"
"Apr 18, 2018","6,607.5","6,397.2","6,668.1","6,383.5","1.63K","3.29%"
"Apr 17, 2018","6,397.2","6,515.0","6,619.8","6,350.0","1.69K","-1.81%"
"Apr 16, 2018","6,515.0","6,780.1","6,818.6","6,400.0","2.13K","-3.91%"
"Apr 15, 2018","6,780.1","6,513.0","6,838.3","6,513.0","1.82K","4.10%"
"Apr 14, 2018","6,513.0","6,370.0","6,603.0","6,354.5","1.18K","2.24%"
"Apr 13, 2018","6,370.0","6,433.4","6,700.2","6,300.0","3.55K","-0.99%"
"Apr 12, 2018","6,433.4","5,625.5","6,559.8","5,481.0","5.28K","14.36%"
"Apr 11, 2018","5,625.5","5,538.6","5,650.0","5,522.2","1.01K","1.57%"
"Apr 10, 2018","5,538.6","5,516.5","5,579.3","5,439.0","1.34K","0.40%"
"Apr 09, 2018","5,516.5","5,737.5","5,862.4","5,400.5","2.20K","-3.85%"
"Apr 08, 2018","5,737.5","5,596.0","5,795.0","5,596.0","0.96K","2.53%"
"Apr 07, 2018","5,596.0","5,401.8","5,749.0","5,395.9","1.32K","3.60%"
"Apr 06, 2018","5,401.8","5,526.9","5,593.0","5,336.0","1.52K","-2.26%"
"Apr 05, 2018","5,526.9","5,535.3","5,671.0","5,371.3","2.30K","-0.15%"
"Apr 04, 2018","5,535.3","6,060.0","6,064.4","5,458.3","3.04K","-8.66%"
"Apr 03, 2018","6,060.0","5,742.0","6,182.9","5,703.7","3.32K","5.54%"
"Apr 02, 2018","5,742.0","5,520.0","5,794.2","5,496.0","1.72K","4.02%"
"Apr 01, 2018","5,520.0","5,637.3","5,718.7","5,240.0","3.44K","-2.08%"
"Mar 31, 2018","5,637.3","5,551.6","5,870.0","5,500.0","2.39K","1.54%"
"Mar 30, 2018","5,551.6","5,749.1","5,925.5","5,350.0","4.80K","-3.44%"
"Mar 29, 2018","5,749.1","6,450.0","6,465.7","5,611.6","5.26K","-10.87%"
"Mar 28, 2018","6,450.0","6,305.0","6,550.0","6,270.0","1.73K","2.30%"
"Mar 27, 2018","6,305.0","6,547.0","6,612.5","6,255.0","2.44K","-3.70%"
"Mar 26, 2018","6,547.5","6,873.1","6,916.5","6,322.0","3.16K","-4.74%"
"Mar 25, 2018","6,873.1","6,929.0","7,061.8","6,836.2","1.36K","-0.81%"
"Mar 24, 2018","6,929.0","7,200.7","7,267.9","6,907.0","1.81K","-3.76%"
"Mar 23, 2018","7,200.0","7,068.0","7,200.0","6,733.0","2.29K","1.88%"
"Mar 22, 2018","7,066.8","7,216.5","7,340.0","6,885.5","2.48K","-2.07%"
"Mar 21, 2018","7,216.5","7,290.0","7,479.0","7,131.1","2.91K","-1.01%"
"Mar 20, 2018","7,290.0","6,955.4","7,430.0","6,728.0","3.68K","4.81%"
"Mar 19, 2018","6,955.4","6,688.1","7,110.0","6,601.0","4.51K","4.00%"
"Mar 18, 2018","6,688.1","6,396.0","6,795.0","5,943.3","5.33K","4.57%"
"Mar 17, 2018","6,396.0","6,728.0","6,805.6","6,280.0","2.38K","-4.93%"
"Mar 16, 2018","6,728.0","6,726.4","7,050.0","6,468.0","2.56K","0.02%"
"Mar 15, 2018","6,726.4","6,636.8","6,850.0","6,200.0","4.47K","1.35%"
"Mar 14, 2018","6,636.8","7,390.0","7,539.0","6,408.4","5.16K","-10.19%"
"Mar 13, 2018","7,390.0","7,407.1","7,686.0","7,200.0","2.57K","-0.23%"
"Mar 12, 2018","7,407.1","7,737.2","8,087.0","7,121.5","4.05K","-4.27%"
"Mar 11, 2018","7,737.2","7,132.0","7,907.1","6,926.0","3.62K","8.49%"
"Mar 10, 2018","7,132.0","7,539.6","7,772.6","7,077.6","3.04K","-5.40%"
"Mar 09, 2018","7,539.4","7,534.5","7,628.1","6,770.0","6.65K","0.06%"
"Mar 08, 2018","7,534.5","8,024.2","8,206.6","7,345.7","4.66K","-6.10%"
"Mar 07, 2018","8,024.2","8,660.0","8,773.0","7,622.1","6.54K","-7.34%"
"Mar 06, 2018","8,660.0","9,221.0","9,257.5","8,548.0","4.15K","-7.10%"
"Mar 05, 2018","9,322.0","9,280.0","9,399.0","9,206.8","1.65K","0.45%"
"Mar 04, 2018","9,280.0","9,219.0","9,287.0","8,975.0","1.65K","0.66%"
"Mar 03, 2018","9,219.0","8,936.0","9,299.0","8,934.0","2.27K","3.17%"
"Mar 02, 2018","8,936.0","8,885.0","9,054.0","8,769.5","2.15K","0.57%"
"Mar 01, 2018","8,885.0","8,470.0","8,977.0","8,412.5","2.38K","4.90%"
"Feb 28, 2018","8,470.0","8,611.0","9,041.1","8,430.0","2.97K","-1.88%"
"Feb 27, 2018","8,632.5","8,380.0","8,835.7","8,219.0","3.14K","3.01%"
"Feb 26, 2018","8,380.0","7,819.0","8,498.0","7,661.0","3.74K","7.17%"
"Feb 25, 2018","7,819.0","7,909.0","8,050.0","7,601.0","1.89K","-1.14%"
"Feb 24, 2018","7,909.0","8,292.0","8,510.0","7,636.0","2.74K","-4.62%"
"Feb 23, 2018","8,292.0","7,974.0","8,540.0","7,777.0","3.62K","3.99%"
"Feb 22, 2018","7,974.0","8,520.7","8,950.0","7,875.0","5.23K","-6.42%"
"Feb 21, 2018","8,520.7","9,150.6","9,221.5","8,300.0","5.77K","-6.88%"
"Feb 20, 2018","9,150.6","9,030.8","9,573.8","9,025.6","5.42K","1.33%"
"Feb 19, 2018","9,030.8","8,442.1","9,092.0","8,403.1","3.29K","6.97%"
"Feb 18, 2018","8,442.1","9,014.0","9,199.0","8,196.6","4.35K","-6.34%"
"Feb 17, 2018","9,014.0","8,216.1","9,074.0","8,138.1","3.49K","9.71%"
"Feb 16, 2018","8,216.1","8,107.9","8,236.0","7,851.0","2.83K","1.33%"
"Feb 15, 2018","8,107.9","7,661.2","8,275.8","7,559.0","6.27K","5.83%"
"Feb 14, 2018","7,661.2","6,955.1","7,687.1","6,927.1","4.35K","10.15%"
"Feb 13, 2018","6,955.1","7,202.6","7,250.0","6,828.5","2.60K","-3.44%"
"Feb 12, 2018","7,202.6","6,630.0","7,290.0","6,612.0","3.10K","8.64%"
"Feb 11, 2018","6,630.0","7,020.0","7,020.0","6,430.0","3.02K","-5.56%"
"Feb 10, 2018","7,020.0","7,087.8","7,442.9","6,700.0","4.07K","-0.96%"
"Feb 09, 2018","7,087.8","6,768.1","7,150.0","6,400.0","4.31K","4.72%"
"Feb 08, 2018","6,768.1","6,167.3","7,124.2","6,167.3","5.31K","9.74%"
"Feb 07, 2018","6,167.3","6,230.0","7,149.0","5,822.7","9.27K","-1.01%"
"Feb 06, 2018","6,230.0","5,468.8","6,500.0","4,680.0","17.52K","13.92%"
"Feb 05, 2018","5,468.8","6,541.8","6,666.0","5,086.5","12.67K","-16.40%"
"Feb 04, 2018","6,541.8","7,399.9","7,530.0","6,257.0","4.39K","-11.60%"
"Feb 03, 2018","7,399.9","7,125.1","7,687.0","6,558.3","3.89K","3.86%"
"Feb 02, 2018","7,125.1","7,145.8","7,450.0","5,770.1","12.90K","-0.29%"
"Feb 01, 2018","7,145.8","8,130.3","8,149.0","6,666.0","8.17K","-12.11%"
"Jan 31, 2018","8,130.3","8,105.2","8,320.6","7,800.0","2.99K","0.31%"
"Jan 30, 2018","8,105.2","9,009.9","9,015.0","7,905.5","4.97K","-10.04%"
"Jan 29, 2018","9,009.9","9,360.0","9,393.2","8,900.0","1.94K","-3.74%"
"Jan 28, 2018","9,360.0","9,137.4","9,487.6","9,113.5","1.68K","2.44%"
"Jan 27, 2018","9,137.4","8,967.3","9,241.3","8,810.6","1.94K","1.90%"
"Jan 26, 2018","8,967.3","9,030.5","9,294.0","8,456.0","3.51K","-0.70%"
"Jan 25, 2018","9,030.5","9,193.9","9,351.0","8,880.0","2.17K","-1.77%"
"Jan 24, 2018","9,193.5","8,831.9","9,299.6","8,650.0","2.41K","4.09%"
"Jan 23, 2018","8,831.9","8,941.9","9,350.0","8,201.2","4.12K","-1.23%"
"Jan 22, 2018","8,941.9","9,542.5","9,870.0","8,345.0","4.98K","-6.29%"
"Jan 21, 2018","9,542.5","10,585.6","10,585.6","9,255.6","3.17K","-9.85%"
"Jan 20, 2018","10,585.6","9,690.0","10,698.0","9,619.9","3.11K","9.24%"
"Jan 19, 2018","9,690.0","9,554.3","10,057.1","9,265.0","2.79K","1.34%"
"Jan 18, 2018","9,562.3","9,262.0","10,492.9","8,860.0","6.83K","3.24%"
"Jan 17, 2018","9,262.0","9,510.3","10,210.0","7,221.0","15.64K","-2.61%"
"Jan 16, 2018","9,510.3","11,301.8","11,321.6","8,000.0","12.92K","-15.85%"
"Jan 15, 2018","11,301.8","11,323.9","11,845.0","11,150.0","2.56K","-0.19%"
"Jan 14, 2018","11,323.9","11,745.5","11,813.4","11,000.0","1.91K","-3.59%"
"Jan 13, 2018","11,745.5","11,581.0","12,040.9","11,581.0","1.84K","1.42%"
"Jan 12, 2018","11,581.0","11,200.0","11,750.0","10,800.0","-","3.40%"
"Jan 11, 2018","11,200.0","12,465.2","12,500.0","11,011.0","4.91K","-10.15%"
"Jan 10, 2018","12,465.2","12,276.3","12,465.2","11,500.0","4.83K","1.54%"
"Jan 09, 2018","12,276.3","12,769.0","12,883.0","12,100.0","3.25K","-3.86%"
"Jan 08, 2018","12,769.0","13,370.3","13,370.3","11,930.0","4.87K","-4.41%"
"Jan 07, 2018","13,358.1","14,230.0","14,240.0","13,160.0","2.20K","-6.13%"
"Jan 06, 2018","14,230.0","14,300.0","14,333.9","13,659.0","2.15K","-0.49%"
"Jan 05, 2018","14,300.0","12,940.0","14,450.0","12,631.5","4.23K","10.51%"
"Jan 04, 2018","12,940.0","13,065.6","13,125.0","12,512.0","3.19K","-0.96%"
"Jan 03, 2018","13,065.6","12,545.0","13,198.0","12,493.6","3.46K","4.15%"
"Jan 02, 2018","12,545.0","11,800.0","13,100.0","11,280.0","4.60K","6.31%"
"Jan 01, 2018","11,800.0","12,139.0","12,141.0","11,351.0","1.91K","-2.79%"
"Dec 31, 2017","12,139.0","11,100.0","12,496.0","10,909.3","2.66K","9.36%"
"Dec 30, 2017","11,100.0","12,880.8","12,920.0","10,550.0","3.60K","-13.82%"
"Dec 29, 2017","12,880.8","12,699.0","13,099.0","12,574.5","2.60K","1.43%"
"Dec 28, 2017","12,699.0","13,533.1","13,590.0","12,350.0","4.01K","-6.16%"
"Dec 27, 2017","13,533.1","13,555.0","13,981.0","12,901.8","4.06K","-0.16%"
"Dec 26, 2017","13,555.0","12,306.0","13,980.0","12,114.0","3.70K","10.15%"
"Dec 25, 2017","12,306.0","12,507.7","13,115.0","12,000.0","2.58K","-1.61%"
"Dec 24, 2017","12,507.7","13,247.7","13,249.0","11,130.0","5.13K","-5.59%"
"Dec 23, 2017","13,247.7","12,709.8","14,465.3","12,150.0","6.06K","4.23%"
"Dec 22, 2017","12,709.8","13,444.0","13,599.6","8,500.0","21.43K","-5.46%"
"Dec 21, 2017","13,444.0","14,167.9","15,056.3","12,644.6","5.85K","-5.11%"
"Dec 20, 2017","14,167.9","15,322.9","15,500.0","12,630.1","9.55K","-7.54%"
"Dec 19, 2017","15,322.9","16,184.8","16,249.0","14,501.0","5.19K","-5.33%"
"Dec 18, 2017","16,184.8","16,381.8","16,435.0","15,512.2","3.81K","-1.20%"
"Dec 17, 2017","16,381.8","16,800.0","16,970.0","16,061.0","3.60K","-2.49%"
"Dec 16, 2017","16,800.0","15,120.0","16,979.0","14,989.9","4.16K","11.11%"
"Dec 15, 2017","15,120.0","14,123.0","15,298.2","14,123.0","4.32K","7.06%"
"Dec 14, 2017","14,123.0","13,991.0","14,440.5","13,601.0","2.80K","0.94%"
"Dec 13, 2017","13,991.0","14,649.5","14,730.0","13,057.0","5.32K","-4.50%"
"Dec 12, 2017","14,649.5","13,919.5","14,840.6","13,703.1","6.45K","5.24%"
"Dec 11, 2017","13,919.5","13,040.7","14,495.0","13,040.5","4.89K","6.74%"
"Dec 10, 2017","13,040.7","12,926.2","13,600.0","11,500.0","7.68K","0.89%"
"Dec 09, 2017","12,926.2","13,701.2","13,778.0","11,110.0","8.09K","-5.66%"
"Dec 08, 2017","13,701.2","14,500.0","14,995.0","12,500.0","10.42K","-5.51%"
"Dec 07, 2017","14,500.0","12,461.0","14,890.0","11,750.0","12.26K","16.36%"
"Dec 06, 2017","12,461.0","10,096.0","12,700.0","10,090.0","8.77K","23.43%"
"Dec 05, 2017","10,096.0","9,935.0","10,130.0","9,900.0","2.69K","1.62%"
"Dec 04, 2017","9,935.0","9,701.1","9,935.0","9,680.0","2.83K","2.41%"
"Dec 03, 2017","9,701.1","9,480.0","9,951.0","9,300.0","4.71K","2.33%"
"Dec 02, 2017","9,480.0","9,275.0","9,679.0","9,180.0","2.82K","2.21%"
"Dec 01, 2017","9,275.0","8,964.3","9,325.0","8,405.1","4.89K","3.47%"
"Nov 30, 2017","8,964.3","8,608.0","9,400.0","8,002.0","8.61K","4.14%"
"Nov 29, 2017","8,608.0","8,345.0","9,694.0","7,050.0","11.99K","3.15%"
"Nov 28, 2017","8,345.0","8,174.1","8,398.0","8,140.0","2.77K","2.09%"
"Nov 27, 2017","8,174.1","7,799.5","8,199.0","7,799.5","4.05K","4.80%"
"Nov 26, 2017","7,799.5","7,339.5","8,059.0","7,339.5","4.16K","6.27%"
"Nov 25, 2017","7,339.5","6,966.0","7,339.5","6,950.5","1.87K","5.36%"
"Nov 24, 2017","6,966.0","6,868.0","7,100.5","6,800.0","2.09K","1.43%"
"Nov 23, 2017","6,868.0","7,070.1","7,080.0","6,868.0","2.43K","-2.86%"
"Nov 22, 2017","7,070.1","7,021.2","7,176.5","7,001.6","2.09K","0.70%"
"Nov 21, 2017","7,021.2","7,080.0","7,195.0","6,750.0","3.80K","-0.83%"
"Nov 20, 2017","7,080.0","6,818.0","7,106.4","6,771.0","2.99K","3.84%"
"Nov 19, 2017","6,818.0","6,617.0","6,850.0","6,570.2","2.05K","3.04%"
"Nov 18, 2017","6,617.0","6,592.3","6,675.0","6,451.0","1.34K","0.37%"
"Nov 17, 2017","6,592.3","6,652.2","6,793.0","6,423.1","3.53K","-0.90%"
"Nov 16, 2017","6,652.2","6,275.0","6,775.0","6,156.0","4.39K","6.01%"
"Nov 15, 2017","6,275.0","5,688.8","6,288.0","5,688.8","4.90K","10.30%"
"Nov 14, 2017","5,688.8","5,687.0","5,800.0","5,610.0","2.04K","0.03%"
"Nov 13, 2017","5,687.0","5,099.0","5,999.0","5,058.2","6.52K","11.53%"
"Nov 12, 2017","5,099.0","5,490.0","5,650.2","4,695.0","7.01K","-7.12%"
"Nov 11, 2017","5,490.0","5,687.6","5,916.2","5,317.4","4.04K","-3.47%"
"Nov 10, 2017","5,687.6","6,207.6","6,300.0","5,510.0","6.44K","-8.38%"
"Nov 09, 2017","6,207.6","6,488.0","6,489.0","6,180.0","3.12K","-4.32%"
"Nov 08, 2017","6,488.0","6,220.4","6,800.0","6,100.0","6.21K","4.30%"
"Nov 07, 2017","6,220.4","6,060.0","6,343.0","6,060.0","2.00K","2.65%"
"Nov 06, 2017","6,060.0","6,488.0","6,524.2","6,006.0","4.49K","-6.60%"
"Nov 05, 2017","6,488.0","6,419.4","6,682.0","6,380.0","2.07K","1.07%"
"Nov 04, 2017","6,419.4","6,291.4","6,468.9","6,135.9","1.64K","2.03%"
"Nov 03, 2017","6,291.4","6,112.4","6,495.5","6,070.0","3.76K","2.93%"
"Nov 02, 2017","6,112.4","5,935.0","6,483.1","5,703.0","6.24K","2.99%"
"Nov 01, 2017","5,935.0","5,598.2","5,935.0","5,540.0","3.24K","6.02%"
"Oct 31, 2017","5,598.2","5,305.7","5,619.7","5,282.0","2.36K","5.51%"
"Oct 30, 2017","5,305.7","5,275.0","5,355.0","5,241.0","1.48K","0.58%"
"Oct 29, 2017","5,275.0","5,007.3","5,399.0","4,980.3","1.92K","5.35%"
"Oct 28, 2017","5,007.3","5,030.0","5,085.0","4,960.0","0.59K","-0.45%"
"Oct 27, 2017","5,030.0","5,073.3","5,147.0","4,980.5","1.43K","-0.85%"
"Oct 26, 2017","5,073.3","4,929.0","5,164.5","4,899.3","1.80K","2.93%"
"Oct 25, 2017","4,929.0","4,771.3","4,947.0","4,650.0","1.93K","3.30%"
"Oct 24, 2017","4,771.3","5,030.7","5,030.7","4,690.0","2.55K","-5.16%"
"Oct 23, 2017","5,030.7","5,096.9","5,174.9","4,860.3","2.07K","-1.30%"
"Oct 22, 2017","5,096.9","5,148.9","5,190.1","4,908.2","1.63K","-1.01%"
"Oct 21, 2017","5,148.9","5,074.2","5,318.0","5,013.0","1.84K","1.47%"
"Oct 20, 2017","5,074.2","4,822.4","5,199.0","4,797.0","2.39K","5.22%"
"Oct 19, 2017","4,822.4","4,776.0","4,851.0","4,730.0","1.33K","0.97%"
"Oct 18, 2017","4,776.0","4,800.5","4,805.4","4,351.0","2.98K","-0.51%"
"Oct 17, 2017","4,800.5","4,886.0","4,898.0","4,752.5","1.48K","-1.75%"
"Oct 16, 2017","4,886.0","4,791.6","4,888.0","4,702.3","1.54K","1.97%"
"Oct 15, 2017","4,791.6","4,899.0","4,909.0","4,607.8","1.56K","-2.19%"
"Oct 14, 2017","4,899.0","4,774.0","4,912.3","4,701.0","1.06K","2.62%"
"Oct 13, 2017","4,774.0","4,570.0","4,950.0","4,463.0","3.84K","4.46%"
"Oct 12, 2017","4,570.0","4,087.1","4,570.0","4,082.1","3.04K","11.82%"
"Oct 11, 2017","4,087.1","4,045.2","4,127.3","4,002.7","1.19K","1.04%"
"Oct 10, 2017","4,045.2","4,082.3","4,168.5","4,006.0","1.78K","-0.91%"
"Oct 09, 2017","4,082.3","3,893.0","4,148.0","3,864.0","2.26K","4.86%"
"Oct 08, 2017","3,893.0","3,755.0","3,899.0","3,740.5","1.02K","3.68%"
"Oct 07, 2017","3,755.0","3,724.8","3,769.0","3,705.0","0.45K","0.81%"
"Oct 06, 2017","3,724.8","3,694.0","3,780.0","3,694.0","0.86K","0.83%"
"Oct 05, 2017","3,694.0","3,622.9","3,738.0","3,565.9","1.02K","1.96%"
"Oct 04, 2017","3,622.9","3,713.9","3,764.7","3,565.9","1.24K","-2.45%"
"Oct 03, 2017","3,713.9","3,809.8","3,815.0","3,631.0","1.47K","-2.52%"
"Oct 02, 2017","3,809.8","3,711.6","3,859.0","3,700.2","1.60K","2.65%"
"Oct 01, 2017","3,711.6","3,675.3","3,715.0","3,640.9","0.66K","0.99%"
"Sep 30, 2017","3,675.3","3,545.6","3,725.0","3,540.0","0.94K","3.66%"
"Sep 29, 2017","3,545.6","3,568.4","3,617.4","3,400.0","1.36K","-0.64%"
"Sep 28, 2017","3,568.4","3,594.9","3,680.0","3,500.0","1.53K","-0.73%"
"Sep 27, 2017","3,594.9","3,300.0","3,648.0","3,293.4","2.06K","8.94%"
"Sep 26, 2017","3,300.0","3,320.9","3,390.0","3,300.0","1.15K","-0.63%"
"Sep 25, 2017","3,320.9","3,107.0","3,374.0","3,107.0","1.29K","6.88%"
"Sep 24, 2017","3,107.0","3,200.0","3,200.0","3,100.0","0.63K","-2.90%"
"Sep 23, 2017","3,200.0","3,097.9","3,295.0","3,060.0","0.99K","3.29%"
"Sep 22, 2017","3,097.9","3,051.7","3,166.4","2,980.9","1.61K","1.52%"
"Sep 21, 2017","3,051.7","3,290.7","3,309.9","3,020.0","2.16K","-7.26%"
"Sep 20, 2017","3,290.7","3,289.5","3,369.0","3,217.5","0.94K","0.04%"
"Sep 19, 2017","3,289.5","3,444.3","3,457.0","3,237.0","1.74K","-4.49%"
"Sep 18, 2017","3,444.3","3,141.2","3,467.0","3,141.2","2.73K","9.65%"
"Sep 17, 2017","3,141.2","3,138.5","3,227.0","2,922.6","1.58K","0.09%"
"Sep 16, 2017","3,138.5","3,148.0","3,385.1","3,033.1","2.69K","-0.30%"
"Sep 15, 2017","3,148.0","2,723.0","3,265.4","2,467.3","7.38K","15.61%"
"Sep 14, 2017","2,723.0","3,273.8","3,315.3","2,723.0","4.66K","-16.82%"
"Sep 13, 2017","3,273.8","3,501.6","3,518.4","3,121.2","3.25K","-6.51%"
"Sep 12, 2017","3,501.6","3,551.0","3,675.0","3,420.0","2.00K","-1.39%"
"Sep 11, 2017","3,551.0","3,555.1","3,625.0","3,450.6","0.97K","-0.12%"
"Sep 10, 2017","3,555.1","3,628.5","3,647.3","3,443.0","1.01K","-2.02%"
"Sep 09, 2017","3,628.5","3,644.9","3,725.0","3,505.0","0.88K","-0.45%"
"Sep 08, 2017","3,644.9","3,876.8","3,914.7","3,450.0","2.61K","-5.98%"
"Sep 07, 2017","3,876.8","3,903.2","3,922.0","3,787.0","1.61K","-0.68%"
"Sep 06, 2017","3,903.2","3,745.5","3,953.9","3,745.5","3.13K","4.21%"
"Sep 05, 2017","3,745.5","3,761.0","3,814.2","3,596.1","1.95K","-0.41%"
"Sep 04, 2017","3,761.0","3,925.5","3,928.3","3,549.7","3.48K","-4.19%"
"Sep 03, 2017","3,925.5","3,907.9","4,024.5","3,850.0","0.99K","0.45%"
"Sep 02, 2017","3,907.9","4,170.0","4,185.0","3,812.0","1.88K","-6.28%"
"Sep 01, 2017","4,170.0","4,017.4","4,174.0","3,928.1","2.13K","3.80%"
"Aug 31, 2017","4,017.4","3,865.4","4,027.7","3,863.5","1.86K","3.93%"
"Aug 30, 2017","3,865.4","3,860.2","3,897.5","3,793.8","1.58K","0.14%"
"Aug 29, 2017","3,860.2","3,670.0","3,941.4","3,620.0","1.91K","5.18%"
"Aug 28, 2017","3,670.0","3,658.0","3,670.0","3,552.0","1.22K","0.33%"
"Aug 27, 2017","3,658.0","3,671.7","3,696.8","3,640.3","0.61K","-0.37%"
"Aug 26, 2017","3,671.7","3,688.1","3,696.7","3,603.4","0.55K","-0.45%"
"Aug 25, 2017","3,688.1","3,677.7","3,778.1","3,615.0","1.39K","0.28%"
"Aug 24, 2017","3,677.7","3,526.9","3,699.0","3,515.0","1.07K","4.28%"
"Aug 23, 2017","3,526.9","3,495.3","3,650.0","3,436.2","1.68K","0.90%"
"Aug 22, 2017","3,495.3","3,403.0","3,553.5","3,050.0","2.51K","2.71%"
"Aug 21, 2017","3,403.0","3,475.1","3,505.6","3,371.1","2.01K","-2.08%"
"Aug 20, 2017","3,475.1","3,565.4","3,573.9","3,474.1","0.85K","-2.53%"
"Aug 19, 2017","3,565.4","3,517.6","3,587.8","3,425.6","1.08K","1.36%"
"Aug 18, 2017","3,517.6","3,682.4","3,738.2","3,410.0","2.27K","-4.48%"
"Aug 17, 2017","3,682.4","3,726.8","3,865.1","3,601.0","2.58K","-1.19%"
"Aug 16, 2017","3,726.8","3,566.8","3,747.0","3,365.9","2.13K","4.48%"
"Aug 15, 2017","3,566.8","3,678.4","3,793.3","3,248.5","4.11K","-3.03%"
"Aug 14, 2017","3,678.4","3,453.9","3,700.0","3,387.0","2.83K","6.50%"
"Aug 13, 2017","3,453.9","3,304.1","3,582.2","3,226.8","2.14K","4.53%"
"Aug 12, 2017","3,304.1","3,112.5","3,386.9","3,080.0","1.98K","6.16%"
"Aug 11, 2017","3,112.5","2,948.3","3,177.1","2,933.4","1.89K","5.57%"
"Aug 10, 2017","2,948.3","2,867.6","5,000.0","2,840.4","1.59K","2.82%"
"Aug 09, 2017","2,867.6","2,934.0","2,947.8","2,775.6","1.70K","-2.26%"
"Aug 08, 2017","2,934.0","2,902.8","2,982.7","2,856.4","2.14K","1.07%"
"Aug 07, 2017","2,902.8","2,750.0","2,925.6","2,725.0","1.59K","5.56%"
"Aug 06, 2017","2,750.0","2,762.1","2,796.1","2,675.2","0.84K","-0.44%"
"Aug 05, 2017","2,762.1","2,431.1","2,850.0","2,431.1","2.33K","13.61%"
"Aug 04, 2017","2,431.1","2,365.7","2,445.0","2,344.8","1.10K","2.76%"
"Aug 03, 2017","2,365.7","2,292.0","2,375.0","2,292.0","0.87K","3.22%"
"Aug 02, 2017","2,292.0","2,333.4","2,353.6","2,247.4","1.20K","-1.78%"
"Aug 01, 2017","2,333.4","2,427.0","2,499.0","2,235.0","1.67K","-3.86%"
"Jul 31, 2017","2,427.0","2,342.0","2,475.0","2,314.6","1.07K","3.63%"
"Jul 30, 2017","2,342.0","2,312.4","2,360.0","2,208.1","0.77K","1.28%"
"Jul 29, 2017","2,312.4","2,380.5","2,386.4","2,254.9","1.07K","-2.86%"
"Jul 28, 2017","2,380.5","2,297.1","2,425.0","2,276.0","1.48K","3.63%"
"Jul 27, 2017","2,297.1","2,185.0","2,319.7","2,178.4","1.18K","5.13%"
"Jul 26, 2017","2,185.0","2,214.3","2,250.0","2,103.0","1.19K","-1.32%"
"Jul 25, 2017","2,214.3","2,387.3","2,402.0","2,112.1","2.15K","-7.24%"
"Jul 24, 2017","2,387.3","2,364.5","2,421.8","2,351.2","1.03K","0.96%"
"Jul 23, 2017","2,364.5","2,424.1","2,447.0","2,314.0","0.91K","-2.46%"
"Jul 22, 2017","2,424.1","2,298.0","2,468.9","2,284.2","1.01K","5.49%"
"Jul 21, 2017","2,298.0","2,464.3","2,479.9","2,238.6","1.95K","-6.75%"
"Jul 20, 2017","2,464.3","1,976.4","2,546.7","1,966.9","3.66K","24.68%"
"Jul 19, 2017","1,976.4","2,006.6","2,090.0","1,915.0","1.94K","-1.50%"
"Jul 18, 2017","2,006.6","1,942.4","2,078.9","1,880.0","2.30K","3.31%"
"Jul 17, 2017","1,942.4","1,657.7","1,945.0","1,656.4","2.09K","17.17%"
"Jul 16, 2017","1,657.7","1,730.0","1,780.0","1,552.2","2.09K","-4.18%"
"Jul 15, 2017","1,730.0","1,947.0","1,951.8","1,714.1","1.62K","-11.15%"
"Jul 14, 2017","1,947.0","2,059.0","2,076.6","1,889.3","1.46K","-5.44%"
"Jul 13, 2017","2,059.0","2,103.5","2,125.0","2,037.8","1.01K","-2.12%"
"Jul 12, 2017","2,103.5","2,028.8","2,122.1","1,972.0","1.53K","3.68%"
"Jul 11, 2017","2,028.8","2,071.7","2,134.6","1,975.0","1.78K","-2.07%"
"Jul 10, 2017","2,071.7","2,221.2","2,221.5","1,990.3","1.82K","-6.73%"
"Jul 09, 2017","2,221.2","2,250.0","2,250.3","2,221.2","0.40K","-1.28%"
"Jul 08, 2017","2,250.0","2,203.2","2,250.0","2,170.0","0.57K","2.12%"
"Jul 07, 2017","2,203.2","2,297.3","2,312.3","2,170.5","1.15K","-4.10%"
"Jul 06, 2017","2,297.3","2,307.4","2,319.0","2,280.0","0.73K","-0.44%"
"Jul 05, 2017","2,307.4","2,295.1","2,320.0","2,244.6","0.96K","0.54%"
"Jul 04, 2017","2,295.1","2,252.4","2,325.0","2,250.0","1.34K","1.89%"
"Jul 03, 2017","2,252.4","2,205.0","2,274.8","2,183.6","1.04K","2.15%"
"Jul 02, 2017","2,205.0","2,128.9","2,228.1","2,086.8","0.75K","3.57%"
"Jul 01, 2017","2,128.9","2,140.1","2,196.7","2,075.6","0.89K","-0.52%"
"Jun 30, 2017","2,140.1","2,235.0","2,250.0","2,133.7","1.03K","-4.25%"
"Jun 29, 2017","2,235.0","2,261.2","2,280.5","2,221.0","0.87K","-1.16%"
"Jun 28, 2017","2,261.2","2,274.1","2,300.0","2,178.1","1.48K","-0.57%"
"Jun 27, 2017","2,274.1","2,176.4","2,275.0","2,021.3","2.09K","4.49%"
"Jun 26, 2017","2,176.4","2,251.3","2,287.9","2,005.4","1.80K","-3.33%"
"Jun 25, 2017","2,251.3","2,308.4","2,350.0","2,169.0","0.80K","-2.47%"
"Jun 24, 2017","2,308.4","2,425.0","2,445.0","2,250.0","0.85K","-4.81%"
"Jun 23, 2017","2,425.0","2,419.8","2,443.7","2,399.6","0.72K","0.22%"
"Jun 22, 2017","2,419.8","2,365.6","2,450.0","2,325.0","1.22K","2.29%"
"Jun 21, 2017","2,365.6","2,444.2","2,487.4","2,329.0","1.50K","-3.21%"
"Jun 20, 2017","2,444.2","2,329.1","2,521.6","2,321.3","1.87K","4.94%"
"Jun 19, 2017","2,329.1","2,252.4","2,329.1","2,225.0","1.25K","3.41%"
"Jun 18, 2017","2,252.4","2,370.0","2,386.5","2,208.3","0.89K","-4.96%"
"Jun 17, 2017","2,370.0","2,229.3","2,393.6","2,181.1","0.95K","6.31%"
"Jun 16, 2017","2,229.3","2,172.5","2,269.0","2,066.6","2.27K","2.62%"
"Jun 15, 2017","2,172.5","2,183.5","2,246.5","1,837.2","4.76K","-0.50%"
"Jun 14, 2017","2,183.5","2,429.4","2,511.3","2,090.9","2.53K","-10.12%"
"Jun 13, 2017","2,429.4","2,382.8","2,495.8","2,361.6","2.04K","1.95%"
"Jun 12, 2017","2,382.8","2,667.5","2,670.0","2,210.5","2.82K","-10.67%"
"Jun 11, 2017","2,667.5","2,601.3","2,670.0","2,561.5","1.76K","2.54%"
"Jun 10, 2017","2,601.3","2,531.5","2,609.0","2,520.9","1.18K","2.76%"
"Jun 09, 2017","2,531.5","2,505.0","2,574.0","2,487.9","1.47K","1.06%"
"Jun 08, 2017","2,505.0","2,401.4","2,522.9","2,340.0","1.93K","4.31%"
"Jun 07, 2017","2,401.4","2,573.3","2,581.8","2,321.2","2.61K","-6.68%"
"Jun 06, 2017","2,573.3","2,400.0","2,621.9","2,378.6","2.75K","7.22%"
"Jun 05, 2017","2,400.0","2,250.1","2,400.0","2,250.1","1.33K","6.66%"
"Jun 04, 2017","2,250.1","2,272.8","2,283.8","2,203.3","0.93K","-1.00%"
"Jun 03, 2017","2,272.8","2,224.7","2,318.4","2,190.7","1.24K","2.16%"
"Jun 02, 2017","2,224.7","2,164.2","2,224.7","2,133.5","1.24K","2.80%"
"Jun 01, 2017","2,164.2","2,057.9","2,220.0","2,056.9","2.11K","5.16%"
"May 31, 2017","2,057.9","1,953.7","2,090.0","1,850.0","2.86K","5.33%"
"May 30, 2017","1,953.7","2,052.8","2,103.0","1,892.5","2.37K","-4.83%"
"May 29, 2017","2,052.8","1,993.7","2,122.9","1,931.0","1.76K","2.96%"
"May 28, 2017","1,993.7","1,874.6","2,108.1","1,874.6","1.73K","6.36%"
"May 27, 2017","1,874.6","2,039.4","2,080.0","1,688.7","3.19K","-8.08%"
"May 26, 2017","2,039.4","2,105.8","2,387.0","1,827.3","3.31K","-3.16%"
"May 25, 2017","2,105.8","2,176.0","2,515.8","2,029.0","3.89K","-3.22%"
"May 24, 2017","2,176.0","2,020.8","2,222.5","2,020.8","2.04K","7.68%"
"May 23, 2017","2,020.8","1,877.1","2,025.0","1,840.0","1.95K","7.65%"
"May 22, 2017","1,877.1","1,818.2","2,600.0","1,780.0","4.72K","3.24%"
"May 21, 2017","1,818.2","1,823.9","1,864.6","1,780.3","1.18K","-0.31%"
"May 20, 2017","1,823.9","1,760.0","1,824.5","1,755.4","1.11K","3.63%"
"May 19, 2017","1,760.0","1,700.0","1,771.6","1,696.8","1.28K","3.53%"
"May 18, 2017","1,700.0","1,643.1","1,700.0","1,620.0","1.05K","3.46%"
"May 17, 2017","1,643.1","1,611.0","1,673.2","1,586.0","1.37K","1.99%"
"May 16, 2017","1,611.0","1,604.0","1,624.0","1,549.9","1.42K","0.44%"
"May 15, 2017","1,604.0","1,655.0","1,655.0","1,560.0","1.17K","-3.08%"
"May 14, 2017","1,655.0","1,646.0","1,683.7","1,625.0","0.70K","0.55%"
"May 13, 2017","1,646.0","1,559.8","1,647.7","1,476.0","1.11K","5.53%"
"May 12, 2017","1,559.8","1,699.6","1,704.8","1,506.9","1.78K","-8.23%"
"May 11, 2017","1,699.6","1,645.0","1,742.6","1,625.9","1.59K","3.32%"
"May 10, 2017","1,645.0","1,581.9","1,650.0","1,561.7","1.20K","3.99%"
"May 09, 2017","1,581.9","1,559.5","1,648.0","1,531.2","2.15K","1.44%"
"May 08, 2017","1,559.5","1,457.9","1,559.5","1,454.1","1.59K","6.97%"
"May 07, 2017","1,457.9","1,438.0","1,458.1","1,421.5","1.08K","1.39%"
"May 06, 2017","1,438.0","1,421.5","1,445.0","1,414.1","1.05K","1.16%"
"May 05, 2017","1,421.5","1,412.3","1,495.0","1,381.9","1.80K","0.65%"
"May 04, 2017","1,412.3","1,397.3","1,514.4","1,343.7","2.75K","1.07%"
"May 03, 2017","1,397.3","1,338.7","1,400.0","1,331.7","1.28K","4.38%"
"May 02, 2017","1,338.7","1,318.3","1,368.1","1,313.2","1.44K","1.55%"
"May 01, 2017","1,318.3","1,264.1","1,335.0","1,262.5","1.32K","4.28%"
"Apr 30, 2017","1,264.1","1,243.3","1,267.1","1,206.8","0.63K","1.67%"
"Apr 29, 2017","1,243.3","1,233.4","1,248.0","1,224.2","0.76K","0.81%"
"Apr 28, 2017","1,233.4","1,238.1","1,260.0","1,197.6","1.42K","-0.38%"
"Apr 27, 2017","1,238.1","1,188.7","1,244.8","1,179.5","1.14K","4.16%"
"Apr 26, 2017","1,188.7","1,174.3","1,211.2","1,172.6","0.83K","1.23%"
"Apr 25, 2017","1,174.3","1,164.7","1,179.0","1,160.0","0.71K","0.82%"
"Apr 24, 2017","1,164.7","1,155.1","1,165.0","1,148.1","0.60K","0.84%"
"Apr 23, 2017","1,155.1","1,158.4","1,164.0","1,150.9","0.51K","-0.29%"
"Apr 22, 2017","1,158.4","1,163.8","1,164.3","1,147.2","0.38K","-0.46%"
"Apr 21, 2017","1,163.8","1,150.9","1,172.4","1,150.9","0.64K","1.12%"
"Apr 20, 2017","1,150.9","1,132.0","1,161.8","1,130.1","0.82K","1.67%"
"Apr 19, 2017","1,132.0","1,124.8","1,132.0","1,116.2","0.65K","0.64%"
"Apr 18, 2017","1,124.8","1,120.9","1,137.1","1,119.2","0.62K","0.34%"
"Apr 17, 2017","1,120.9","1,115.9","1,127.9","1,108.2","0.31K","0.44%"
"Apr 16, 2017","1,115.9","1,108.2","1,123.4","1,106.9","0.22K","0.70%"
"Apr 15, 2017","1,108.2","1,110.3","1,151.7","1,069.4","0.16K","-0.19%"
"Apr 14, 2017","1,110.3","1,108.5","1,127.0","1,094.1","0.34K","0.17%"
"Apr 13, 2017","1,108.5","1,143.1","1,143.6","1,076.3","0.78K","-3.03%"
"Apr 12, 2017","1,143.1","1,157.6","1,157.6","1,140.0","0.65K","-1.25%"
"Apr 11, 2017","1,157.6","1,141.8","1,160.7","1,136.0","0.57K","1.38%"
"Apr 10, 2017","1,141.8","1,142.8","1,150.0","1,135.0","0.53K","-0.09%"
"Apr 09, 2017","1,142.8","1,118.9","1,148.0","1,111.0","0.38K","2.14%"
"Apr 08, 2017","1,118.9","1,126.0","1,130.0","1,110.4","0.37K","-0.63%"
"Apr 07, 2017","1,126.0","1,125.3","1,133.8","1,105.0","0.66K","0.06%"
"Apr 06, 2017","1,125.3","1,062.0","1,132.4","1,062.0","0.91K","5.96%"
"Apr 05, 2017","1,062.0","1,075.9","1,076.0","1,047.8","0.72K","-1.29%"
"Apr 04, 2017","1,075.9","1,080.8","1,088.4","1,060.9","0.97K","-0.45%"
"Apr 03, 2017","1,080.8","1,042.0","1,089.0","1,042.0","1.06K","3.73%"
"Apr 02, 2017","1,042.0","1,026.3","1,049.0","1,015.0","0.52K","1.53%"
"Apr 01, 2017","1,026.3","1,019.8","1,045.9","1,003.0","0.57K","0.63%"
"Mar 31, 2017","1,019.8","975.2","1,023.9","975.2","0.96K","4.58%"
"Mar 30, 2017","975.2","968.9","980.0","951.0","0.85K","0.64%"
"Mar 29, 2017","968.9","971.2","980.0","932.2","0.86K","-0.24%"
"Mar 28, 2017","971.2","962.0","987.9","940.0","1.03K","0.95%"
"Mar 27, 2017","962.0","893.7","964.0","885.4","1.07K","7.65%"
"Mar 26, 2017","893.7","896.9","925.0","874.1","1.06K","-0.36%"
"Mar 25, 2017","896.9","865.8","907.2","826.7","1.38K","3.58%"
"Mar 24, 2017","865.8","955.0","956.0","849.2","1.88K","-9.33%"
"Mar 23, 2017","955.0","959.0","980.5","944.5","0.85K","-0.42%"
"Mar 22, 2017","959.0","1,028.8","1,029.8","913.7","1.43K","-6.78%"
"Mar 21, 2017","1,028.8","971.9","1,039.0","970.2","1.38K","5.85%"
"Mar 20, 2017","971.9","946.8","980.9","935.4","1.13K","2.65%"
"Mar 19, 2017","946.8","900.0","995.2","898.3","1.43K","5.20%"
"Mar 18, 2017","900.0","996.0","1,022.8","864.0","2.44K","-9.64%"
"Mar 17, 2017","996.0","1,096.1","1,100.0","990.0","2.18K","-9.13%"
"Mar 16, 2017","1,096.1","1,174.0","1,184.5","1,042.5","1.91K","-6.64%"
"Mar 15, 2017","1,174.0","1,177.3","1,187.2","1,167.7","0.76K","-0.28%"
"Mar 14, 2017","1,177.3","1,175.9","1,188.3","1,160.0","0.78K","0.12%"
"Mar 13, 2017","1,175.9","1,157.1","1,176.1","1,138.3","0.86K","1.62%"
"Mar 12, 2017","1,157.1","1,111.5","1,161.9","1,105.3","0.52K","4.10%"
"Mar 11, 2017","1,111.5","1,044.7","1,148.0","1,038.6","0.95K","6.39%"
"Mar 10, 2017","1,044.7","1,129.8","1,350.0","920.0","2.47K","-7.53%"
"Mar 09, 2017","1,129.8","1,084.7","1,150.0","1,071.9","1.08K","4.16%"
"Mar 08, 2017","1,084.7","1,171.7","1,179.6","1,083.0","1.46K","-7.43%"
"Mar 07, 2017","1,171.7","1,215.6","1,224.4","1,123.6","1.15K","-3.61%"
"Mar 06, 2017","1,215.6","1,202.2","1,219.8","1,195.1","0.61K","1.11%"
"Mar 05, 2017","1,202.2","1,200.0","1,209.9","1,172.7","0.29K","0.18%"
"Mar 04, 2017","1,200.0","1,216.0","1,222.0","1,159.0","0.51K","-1.32%"
"Mar 03, 2017","1,216.0","1,200.6","1,235.0","1,192.4","0.84K","1.28%"
"Mar 02, 2017","1,200.6","1,166.5","1,236.4","1,156.2","0.80K","2.92%"
"Mar 01, 2017","1,166.5","1,128.4","1,179.2","1,122.9","0.86K","3.38%"
"Feb 28, 2017","1,128.4","1,128.8","1,142.0","1,121.0","0.51K","-0.04%"
"Feb 27, 2017","1,128.8","1,118.0","1,137.0","1,115.6","0.65K","0.97%"
"Feb 26, 2017","1,118.0","1,094.6","1,122.4","1,071.0","0.32K","2.13%"
"Feb 25, 2017","1,094.6","1,123.4","1,125.2","1,060.8","0.52K","-2.56%"
"Feb 24, 2017","1,123.4","1,115.3","1,156.3","990.2","1.29K","0.73%"
"Feb 23, 2017","1,115.3","1,072.5","1,135.4","1,070.0","0.88K","3.99%"
"Feb 22, 2017","1,072.5","1,068.8","1,080.2","1,050.0","0.69K","0.34%"
"Feb 21, 2017","1,068.8","1,023.0","1,074.9","1,017.7","0.89K","4.48%"
"Feb 20, 2017","1,023.0","994.5","1,030.0","993.1","0.50K","2.87%"
"Feb 19, 2017","994.5","1,002.2","1,003.4","988.8","0.39K","-0.77%"
"Feb 18, 2017","1,002.2","995.0","1,008.4","990.0","0.43K","0.72%"
"Feb 17, 2017","995.0","974.2","999.6","973.3","0.64K","2.14%"
"Feb 16, 2017","974.2","960.7","981.0","958.7","0.62K","1.40%"
"Feb 15, 2017","960.7","955.9","964.6","954.6","0.47K","0.51%"
"Feb 14, 2017","955.9","946.5","964.1","941.5","0.58K","0.99%"
"Feb 13, 2017","946.5","950.0","957.9","930.0","0.68K","-0.37%"
"Feb 12, 2017","950.0","955.4","960.0","950.0","0.23K","-0.56%"
"Feb 11, 2017","955.4","945.6","960.0","941.5","0.31K","1.04%"
"Feb 10, 2017","945.6","924.7","950.0","903.6","0.71K","2.26%"
"Feb 09, 2017","924.7","990.5","1,005.0","875.6","1.70K","-6.64%"
"Feb 08, 2017","990.5","986.2","999.8","959.0","0.82K","0.43%"
"Feb 07, 2017","986.2","956.4","988.9","954.5","0.69K","3.11%"
"Feb 06, 2017","956.4","943.3","959.4","942.0","0.60K","1.40%"
"Feb 05, 2017","943.3","959.7","960.0","935.0","0.31K","-1.72%"
"Feb 04, 2017","959.7","944.6","968.5","931.1","0.33K","1.60%"
"Feb 03, 2017","944.6","936.1","952.5","927.9","0.79K","0.91%"
"Feb 02, 2017","936.1","919.5","940.9","908.7","0.68K","1.81%"
"Feb 01, 2017","919.5","905.0","920.0","896.0","0.94K","1.60%"
"Jan 31, 2017","905.0","865.8","905.0","863.0","0.92K","4.52%"
"Jan 30, 2017","865.8","860.3","867.3","856.6","0.46K","0.65%"
"Jan 29, 2017","860.3","866.5","868.7","855.1","0.22K","-0.72%"
"Jan 28, 2017","866.5","863.7","869.0","860.0","0.26K","0.33%"
"Jan 27, 2017","863.7","860.0","867.0","857.0","0.35K","0.43%"
"Jan 26, 2017","860.0","836.9","862.5","836.3","0.50K","2.76%"
"Jan 25, 2017","836.9","836.8","845.8","825.9","0.51K","0.02%"
"Jan 24, 2017","836.8","863.6","863.6","830.3","0.77K","-3.11%"
"Jan 23, 2017","863.6","864.8","868.9","855.9","0.37K","-0.14%"
"Jan 22, 2017","864.8","866.0","882.8","840.0","0.42K","-0.13%"
"Jan 21, 2017","866.0","839.7","880.0","835.7","0.41K","3.14%"
"Jan 20, 2017","839.7","849.8","851.0","836.0","0.50K","-1.20%"
"Jan 19, 2017","849.8","824.9","858.3","822.9","0.77K","3.02%"
"Jan 18, 2017","824.9","852.4","857.9","800.6","0.76K","-3.22%"
"Jan 17, 2017","852.4","789.3","855.9","788.0","1.14K","7.99%"
"Jan 16, 2017","789.3","780.8","794.2","778.9","0.52K","1.09%"
"Jan 15, 2017","780.8","775.0","783.9","767.2","0.35K","0.75%"
"Jan 14, 2017","775.0","785.2","793.5","770.0","0.43K","-1.30%"
"Jan 13, 2017","785.2","778.8","789.0","733.5","0.96K","0.82%"
"Jan 12, 2017","778.8","754.2","795.1","694.8","1.55K","3.27%"
"Jan 11, 2017","754.2","865.7","876.8","732.0","1.92K","-12.88%"
"Jan 10, 2017","865.7","862.5","873.0","853.7","0.71K","0.37%"
"Jan 09, 2017","862.5","867.0","872.2","840.0","0.76K","-0.52%"
"Jan 08, 2017","867.0","856.0","900.0","855.0","0.62K","1.28%"
"Jan 07, 2017","856.0","850.5","862.0","776.9","0.98K","0.65%"
"Jan 06, 2017","850.5","946.5","971.2","818.5","1.31K","-10.14%"
"Jan 05, 2017","946.5","1,075.8","1,111.6","833.7","2.65K","-12.03%"
"Jan 04, 2017","1,075.8","987.5","1,098.7","983.8","1.28K","8.95%"
"Jan 03, 2017","987.5","976.1","988.0","964.7","0.84K","1.17%"
"Jan 02, 2017","976.1","948.1","988.6","945.2","0.88K","2.95%"
"Jan 01, 2017","948.1","923.3","953.7","921.5","0.47K","2.69%"
"Dec 31, 2016","923.3","917.0","925.0","906.2","0.28K","0.69%"
"Dec 30, 2016","917.0","937.0","939.0","877.3","0.70K","-2.14%"
"Dec 29, 2016","937.0","944.4","948.6","908.4","0.83K","-0.79%"
"Dec 28, 2016","944.4","889.8","944.4","889.4","1.12K","6.15%"
"Dec 27, 2016","889.8","862.0","915.0","859.2","0.57K","3.22%"
"Dec 26, 2016","862.0","861.6","875.0","855.9","0.34K","0.05%"
"Dec 25, 2016","861.6","857.3","862.4","808.9","0.69K","0.51%"
"Dec 24, 2016","857.3","885.6","886.8","850.0","0.38K","-3.20%"
"Dec 23, 2016","885.6","827.9","887.4","826.0","1.23K","6.97%"
"Dec 22, 2016","827.9","798.2","834.8","798.2","0.87K","3.71%"
"Dec 21, 2016","798.2","770.0","800.0","770.0","0.72K","3.66%"
"Dec 20, 2016","770.0","764.3","770.4","761.0","0.84K","0.76%"
"Dec 19, 2016","764.3","761.0","764.9","760.0","0.55K","0.43%"
"Dec 18, 2016","761.0","761.2","761.7","749.0","0.21K","-0.02%"
"Dec 17, 2016","761.2","752.1","761.7","751.5","0.32K","1.20%"
"Dec 16, 2016","752.1","745.2","752.8","743.0","0.40K","0.93%"
"Dec 15, 2016","745.2","734.7","747.9","733.7","1.61K","1.43%"
"Dec 14, 2016","734.7","736.8","737.8","731.6","0.65K","-0.29%"
"Dec 13, 2016","736.8","734.7","740.0","730.0","0.56K","0.29%"
"Dec 12, 2016","734.7","732.0","741.8","726.5","0.62K","0.37%"
"Dec 11, 2016","732.0","734.8","735.0","726.2","0.20K","-0.39%"
"Dec 10, 2016","734.8","730.2","736.0","728.2","0.21K","0.64%"
"Dec 09, 2016","730.2","723.5","732.6","718.0","0.35K","0.92%"
"Dec 08, 2016","723.5","715.2","724.7","709.9","1.24K","1.15%"
"Dec 07, 2016","715.2","717.0","718.6","712.0","0.27K","1.78%"
"Dec 06, 2016","702.7","702.7","705.0","700.2","0.04K","0.00%"
"Dec 05, 2016","702.7","723.5","723.8","699.8","0.69K","-2.87%"
"Dec 04, 2016","723.5","721.0","725.0","718.4","0.24K","0.34%"
"Dec 03, 2016","721.0","726.4","726.5","714.2","0.38K","-0.74%"
"Dec 02, 2016","726.4","709.3","729.7","708.5","0.55K","2.41%"
"Dec 01, 2016","709.3","701.4","711.0","700.3","0.42K","1.13%"
"Nov 30, 2016","701.4","690.4","703.0","686.9","0.43K","1.59%"
"Nov 29, 2016","690.4","694.0","697.2","687.8","0.45K","-0.51%"
"Nov 28, 2016","694.0","695.0","702.2","690.0","0.41K","-0.15%"
"Nov 27, 2016","695.0","700.0","704.0","690.6","0.18K","-0.71%"
"Nov 26, 2016","700.0","704.9","705.5","690.6","0.20K","-0.70%"
"Nov 25, 2016","704.9","705.6","705.8","695.0","0.28K","-0.10%"
"Nov 24, 2016","705.6","706.7","710.0","692.0","0.43K","-0.16%"
"Nov 23, 2016","706.7","708.4","711.2","698.2","0.38K","-0.24%"
"Nov 22, 2016","708.4","699.6","713.8","693.0","0.35K","1.26%"
"Nov 21, 2016","699.6","689.1","704.0","686.2","0.31K","1.53%"
"Nov 20, 2016","689.1","706.7","708.0","673.5","0.32K","-2.50%"
"Nov 19, 2016","706.7","707.0","712.0","696.7","0.22K","-0.04%"
"Nov 18, 2016","707.0","692.5","714.7","685.0","0.42K","2.10%"
"Nov 17, 2016","692.5","689.5","703.7","680.5","0.52K","0.44%"
"Nov 16, 2016","689.5","666.5","699.7","662.5","0.77K","3.45%"
"Nov 15, 2016","666.5","659.1","670.0","650.0","0.40K","1.12%"
"Nov 14, 2016","659.1","649.0","661.0","644.5","0.37K","1.55%"
"Nov 13, 2016","649.0","651.0","651.2","634.2","0.26K","-0.30%"
"Nov 12, 2016","651.0","661.2","662.2","647.5","0.18K","-1.55%"
"Nov 11, 2016","661.2","658.3","662.2","656.3","0.27K","0.44%"
"Nov 10, 2016","658.3","662.2","666.0","654.7","0.28K","-0.59%"
"Nov 09, 2016","662.2","652.0","668.0","644.7","1.15K","1.56%"
"Nov 08, 2016","652.0","644.1","652.0","636.6","0.44K","1.23%"
"Nov 07, 2016","644.1","642.9","646.9","635.4","0.45K","0.19%"
"Nov 06, 2016","642.9","635.0","648.0","632.0","0.20K","1.25%"
"Nov 05, 2016","635.0","637.6","639.0","625.0","0.21K","-0.40%"
"Nov 04, 2016","637.6","621.0","642.3","615.0","0.41K","2.67%"
"Nov 03, 2016","621.0","667.5","675.0","610.0","0.84K","-6.97%"
"Nov 02, 2016","667.5","661.8","667.5","655.0","0.39K","0.86%"
"Nov 01, 2016","661.8","641.0","673.3","639.3","0.49K","3.25%"
"Oct 31, 2016","641.0","632.7","649.7","625.0","0.35K","1.30%"
"Oct 30, 2016","632.7","650.1","650.2","630.0","0.34K","-2.67%"
"Oct 29, 2016","650.1","630.2","655.0","630.1","0.37K","3.15%"
"Oct 28, 2016","630.2","630.6","637.1","630.0","0.37K","-0.06%"
"Oct 27, 2016","630.6","620.9","636.1","620.3","0.50K","1.56%"
"Oct 26, 2016","620.9","601.0","626.1","601.0","0.51K","3.31%"
"Oct 25, 2016","601.0","601.4","609.0","600.0","0.41K","-0.07%"
"Oct 24, 2016","601.4","599.3","603.3","597.7","0.30K","0.35%"
"Oct 23, 2016","599.3","600.7","605.0","597.2","0.21K","-0.23%"
"Oct 22, 2016","600.7","582.0","604.4","582.0","0.26K","3.21%"
"Oct 21, 2016","582.0","577.5","584.9","577.5","0.30K","0.78%"
"Oct 20, 2016","577.5","578.1","579.9","573.0","0.41K","-0.10%"
"Oct 19, 2016","578.1","582.1","585.1","567.7","0.37K","-0.69%"
"Oct 18, 2016","582.1","581.1","585.6","579.4","0.43K","0.17%"
"Oct 17, 2016","581.1","586.7","587.0","580.0","0.28K","-0.95%"
"Oct 16, 2016","586.7","584.7","588.0","584.5","0.15K","0.35%"
"Oct 15, 2016","584.7","583.4","588.2","579.4","0.25K","0.22%"
"Oct 14, 2016","583.4","577.0","584.5","573.8","0.31K","1.11%"
"Oct 13, 2016","577.0","579.9","583.4","577.0","0.44K","-0.50%"
"Oct 12, 2016","579.9","580.0","584.1","573.5","0.40K","-0.02%"
"Oct 11, 2016","580.0","557.0","580.1","556.7","0.62K","4.13%"
"Oct 10, 2016","557.0","555.3","557.7","546.8","0.46K","0.30%"
"Oct 09, 2016","555.3","557.3","557.4","551.7","0.17K","-0.35%"
"Oct 08, 2016","557.3","555.3","557.3","553.0","0.17K","0.35%"
"Oct 07, 2016","555.3","552.4","559.5","543.6","0.45K","0.53%"
"Oct 06, 2016","552.4","551.3","553.3","550.2","0.41K","0.19%"
"Oct 05, 2016","551.3","545.8","551.9","545.6","0.32K","1.01%"
"Oct 04, 2016","545.8","547.2","552.1","544.0","0.46K","-0.24%"
"Oct 03, 2016","547.2","547.9","551.0","540.5","0.39K","-0.14%"
"Oct 02, 2016","547.9","550.6","550.7","544.0","0.19K","-0.49%"
"Oct 01, 2016","550.6","544.9","552.0","544.9","0.22K","1.05%"
"Sep 30, 2016","544.9","542.7","547.2","539.5","0.35K","0.40%"
"Sep 29, 2016","542.7","542.3","544.5","539.7","0.32K","0.09%"
"Sep 28, 2016","542.3","543.1","545.0","539.1","0.34K","-0.15%"
"Sep 27, 2016","543.1","542.0","543.1","538.5","0.32K","0.19%"
"Sep 26, 2016","542.0","537.0","543.5","533.4","0.25K","0.92%"
"Sep 25, 2016","537.0","540.2","540.2","535.0","0.16K","-0.57%"
"Sep 24, 2016","540.2","538.3","540.2","536.2","0.18K","0.35%"
"Sep 23, 2016","538.3","533.0","540.1","532.7","0.28K","0.99%"
"Sep 22, 2016","533.0","535.4","535.4","527.0","0.25K","-0.46%"
"Sep 21, 2016","535.4","546.7","546.7","530.7","0.44K","-2.06%"
"Sep 20, 2016","546.7","545.1","550.0","544.1","0.29K","0.29%"
"Sep 19, 2016","545.1","547.4","547.9","542.4","0.29K","-0.42%"
"Sep 18, 2016","547.4","543.7","548.1","543.0","0.12K","0.67%"
"Sep 17, 2016","543.7","546.8","547.0","542.9","0.17K","-0.56%"
"Sep 16, 2016","546.8","543.4","549.0","541.8","0.23K","0.62%"
"Sep 15, 2016","543.4","546.2","546.4","540.5","0.29K","-0.51%"
"Sep 14, 2016","546.2","545.3","548.3","543.0","0.32K","0.16%"
"Sep 13, 2016","545.3","544.0","548.4","542.2","0.36K","0.24%"
"Sep 12, 2016","544.0","544.5","545.8","540.0","0.23K","-0.08%"
"Sep 11, 2016","544.5","559.0","563.1","531.1","0.33K","-2.59%"
"Sep 10, 2016","559.0","557.8","560.9","555.0","0.17K","0.22%"
"Sep 09, 2016","557.8","557.2","561.8","550.2","0.33K","0.11%"
"Sep 08, 2016","557.2","549.0","562.3","542.8","0.53K","1.50%"
"Sep 07, 2016","549.0","545.9","551.6","538.5","0.38K","0.57%"
"Sep 06, 2016","545.9","545.8","554.8","538.3","0.23K","0.01%"
"Sep 05, 2016","545.8","546.2","547.3","537.3","0.20K","-0.07%"
"Sep 04, 2016","546.2","535.6","556.9","533.8","0.38K","1.98%"
"Sep 03, 2016","535.6","516.3","536.7","515.3","0.28K","3.73%"
"Sep 02, 2016","516.3","512.5","516.8","507.1","0.36K","0.74%"
"Sep 01, 2016","512.5","514.3","517.3","510.0","0.36K","-0.34%"
"Aug 31, 2016","514.3","516.8","519.6","513.0","0.28K","-0.49%"
"Aug 30, 2016","516.8","514.9","519.8","514.2","0.32K","0.36%"
"Aug 29, 2016","514.9","514.7","517.8","511.8","0.30K","0.05%"
"Aug 28, 2016","514.7","510.7","515.7","508.4","0.20K","0.77%"
"Aug 27, 2016","510.7","516.3","519.5","508.5","0.20K","-1.07%"
"Aug 26, 2016","516.3","512.8","518.8","510.6","0.24K","0.67%"
"Aug 25, 2016","512.8","516.0","516.8","508.0","0.30K","-0.62%"
"Aug 24, 2016","516.0","518.0","518.5","514.0","0.28K","-0.39%"
"Aug 23, 2016","518.0","520.5","521.6","512.0","0.40K","-0.48%"
"Aug 22, 2016","520.5","516.2","521.8","512.1","0.22K","0.83%"
"Aug 21, 2016","516.2","516.5","519.3","513.0","0.14K","-0.05%"
"Aug 20, 2016","516.5","510.0","517.3","506.4","0.28K","1.28%"
"Aug 19, 2016","510.0","507.4","513.2","503.5","0.36K","0.52%"
"Aug 18, 2016","507.4","510.4","513.0","503.9","0.32K","-0.58%"
"Aug 17, 2016","510.4","517.3","519.3","504.3","0.41K","-1.35%"
"Aug 16, 2016","517.3","509.5","520.3","502.3","0.34K","1.53%"
"Aug 15, 2016","509.5","513.3","516.9","501.3","0.28K","-0.75%"
"Aug 14, 2016","513.3","527.5","527.7","505.0","0.26K","-2.68%"
"Aug 13, 2016","527.5","527.2","532.8","523.3","0.19K","0.06%"
"Aug 12, 2016","527.2","531.9","533.7","523.0","0.31K","-0.88%"
"Aug 11, 2016","531.9","532.7","540.1","529.2","0.29K","-0.15%"
"Aug 10, 2016","532.7","532.5","545.0","526.9","0.34K","0.03%"
"Aug 09, 2016","532.5","539.3","540.0","527.5","0.37K","-1.26%"
"Aug 08, 2016","539.3","541.1","543.1","534.5","0.32K","-0.34%"
"Aug 07, 2016","541.1","536.2","546.2","531.8","0.26K","0.92%"
"Aug 06, 2016","536.2","526.0","536.2","516.2","0.26K","1.94%"
"Aug 05, 2016","526.0","526.4","533.7","507.6","0.51K","-0.08%"
"Aug 04, 2016","526.4","518.0","542.0","504.3","0.75K","1.62%"
"Aug 03, 2016","518.0","453.3","524.1","453.3","1.17K","14.27%"
"Aug 02, 2016","453.3","539.8","546.4","434.8","0.90K","-16.01%"
"Aug 01, 2016","539.8","560.3","565.0","535.3","0.51K","-3.66%"
"Jul 31, 2016","560.3","587.1","588.5","560.3","0.41K","-4.57%"
"Jul 30, 2016","587.1","591.0","594.3","587.0","0.17K","-0.66%"
"Jul 29, 2016","591.0","595.0","596.7","587.0","0.29K","-0.68%"
"Jul 28, 2016","595.0","595.5","597.3","590.5","0.30K","-0.09%"
"Jul 27, 2016","595.5","598.0","600.0","590.3","0.36K","-0.41%"
"Jul 26, 2016","598.0","596.6","600.0","588.9","0.43K","0.24%"
"Jul 25, 2016","596.6","606.0","606.0","595.0","0.29K","-1.56%"
"Jul 24, 2016","606.0","601.2","606.8","596.0","0.14K","0.80%"
"Jul 23, 2016","601.2","596.4","604.3","593.1","0.26K","0.81%"
"Jul 22, 2016","596.4","606.2","610.0","592.5","0.35K","-1.62%"
"Jul 21, 2016","606.2","608.8","610.0","602.0","0.29K","-0.43%"
"Jul 20, 2016","608.8","612.6","615.6","605.3","0.29K","-0.61%"
"Jul 19, 2016","612.6","612.7","613.3","607.6","0.31K","-0.02%"
"Jul 18, 2016","612.7","614.7","618.5","606.9","0.26K","-0.32%"
"Jul 17, 2016","614.7","606.7","623.0","603.0","0.27K","1.32%"
"Jul 16, 2016","606.7","607.7","609.8","601.8","0.15K","-0.17%"
"Jul 15, 2016","607.7","600.5","610.0","596.7","0.29K","1.19%"
"Jul 14, 2016","600.5","599.3","604.0","590.6","0.35K","0.20%"
"Jul 13, 2016","599.3","613.0","613.0","596.8","0.43K","-2.23%"
"Jul 12, 2016","613.0","592.3","615.1","588.0","0.40K","3.49%"
"Jul 11, 2016","592.3","592.1","600.8","587.6","0.33K","0.04%"
"Jul 10, 2016","592.1","594.6","594.6","585.6","0.15K","-0.43%"
"Jul 09, 2016","594.6","608.0","609.2","560.3","0.40K","-2.20%"
"Jul 08, 2016","608.0","584.2","608.3","580.0","0.38K","4.08%"
"Jul 07, 2016","584.2","614.9","617.3","557.9","0.85K","-5.00%"
"Jul 06, 2016","614.9","609.9","619.3","605.8","0.43K","0.83%"
"Jul 05, 2016","609.9","611.0","615.0","601.0","0.42K","-0.18%"
"Jul 04, 2016","611.0","602.1","613.0","585.1","0.30K","1.48%"
"Jul 03, 2016","602.1","631.0","636.0","585.0","0.42K","-4.58%"
"Jul 02, 2016","631.0","611.3","631.7","610.8","0.50K","3.22%"
"Jul 01, 2016","611.3","610.4","622.2","597.7","0.45K","0.15%"
"Jun 30, 2016","610.4","578.3","614.1","573.0","0.58K","5.57%"
"Jun 29, 2016","578.3","591.8","592.2","565.7","0.51K","-2.29%"
"Jun 28, 2016","591.8","592.5","601.3","584.0","0.52K","-0.11%"
"Jun 27, 2016","592.5","568.6","599.1","568.6","0.40K","4.20%"
"Jun 26, 2016","568.6","611.1","611.1","560.6","0.42K","-6.95%"
"Jun 25, 2016","611.1","604.9","624.9","585.0","0.47K","1.01%"
"Jun 24, 2016","604.9","553.4","635.0","550.9","1.73K","9.31%"
"Jun 23, 2016","553.4","529.4","564.2","493.4","1.33K","4.54%"
"Jun 22, 2016","529.4","599.5","609.0","522.8","1.19K","-11.69%"
"Jun 21, 2016","599.5","646.4","651.4","544.4","1.75K","-7.26%"
"Jun 20, 2016","646.4","681.7","685.0","635.4","0.74K","-5.18%"
"Jun 19, 2016","681.7","676.7","690.0","673.0","0.31K","0.74%"
"Jun 18, 2016","676.7","668.4","696.1","657.0","0.49K","1.24%"
"Jun 17, 2016","668.4","692.4","715.7","624.4","1.08K","-3.48%"
"Jun 16, 2016","692.4","619.5","698.0","618.7","1.00K","11.76%"
"Jun 15, 2016","619.5","620.8","624.9","599.0","0.74K","-0.19%"
"Jun 14, 2016","620.8","626.6","628.2","584.0","0.93K","-0.94%"
"Jun 13, 2016","626.6","597.2","641.0","595.0","1.26K","4.93%"
"Jun 12, 2016","597.2","528.1","610.0","528.1","1.42K","13.08%"
"Jun 11, 2016","528.1","515.0","528.1","514.6","0.45K","2.54%"
"Jun 10, 2016","515.0","512.4","515.0","509.1","0.46K","0.51%"
"Jun 09, 2016","512.4","511.5","513.4","505.8","0.49K","0.17%"
"Jun 08, 2016","511.5","511.0","514.1","504.9","0.52K","0.10%"
"Jun 07, 2016","511.0","515.4","520.3","498.5","0.97K","-0.85%"
"Jun 06, 2016","515.4","506.9","518.0","506.8","0.63K","1.67%"
"Jun 05, 2016","506.9","507.7","514.6","490.9","0.47K","-0.16%"
"Jun 04, 2016","507.7","503.1","524.8","495.9","0.72K","0.91%"
"Jun 03, 2016","503.1","482.7","510.4","479.5","1.64K","4.22%"
"Jun 02, 2016","482.7","480.6","485.0","473.2","0.65K","0.43%"
"Jun 01, 2016","480.6","477.0","487.0","471.0","0.78K","0.76%"
"May 31, 2016","477.0","480.1","490.9","468.4","0.88K","-0.64%"
"May 30, 2016","480.1","471.8","486.9","455.4","0.67K","1.75%"
"May 29, 2016","471.8","469.6","494.6","452.3","0.88K","0.47%"
"May 28, 2016","469.6","424.3","485.8","422.3","1.17K","10.68%"
"May 27, 2016","424.3","407.0","427.9","405.2","1.16K","4.25%"
"May 26, 2016","407.0","403.9","407.0","402.3","0.52K","0.77%"
"May 25, 2016","403.9","401.1","405.0","400.2","0.50K","0.67%"
"May 24, 2016","401.1","396.1","402.9","396.0","0.67K","1.26%"
"May 23, 2016","396.1","394.2","398.6","391.5","0.79K","0.50%"
"May 22, 2016","394.2","398.5","398.5","391.6","0.42K","-1.08%"
"May 21, 2016","398.5","395.6","399.4","394.0","0.30K","0.73%"
"May 20, 2016","395.6","395.7","400.0","390.2","0.51K","-0.04%"
"May 19, 2016","395.7","405.5","406.7","394.2","0.57K","-2.41%"
"May 18, 2016","405.5","401.4","406.7","400.5","0.40K","1.03%"
"May 17, 2016","401.4","404.2","404.4","400.4","0.49K","-0.70%"
"May 16, 2016","404.2","406.3","407.5","399.6","0.44K","-0.51%"
"May 15, 2016","406.3","406.4","408.8","403.5","0.29K","-0.03%"
"May 14, 2016","406.4","405.4","407.0","403.0","0.40K","0.25%"
"May 13, 2016","405.4","401.7","406.5","399.0","0.63K","0.91%"
"May 12, 2016","401.7","396.9","404.0","393.2","0.63K","1.22%"
"May 11, 2016","396.9","400.0","402.0","395.0","0.21K","-0.39%"
"May 10, 2016","398.4","406.2","407.0","396.9","0.17K","-1.90%"
"May 09, 2016","406.2","403.6","407.1","401.0","0.23K","0.63%"
"May 08, 2016","403.6","404.0","404.5","399.6","0.17K","-0.11%"
"May 07, 2016","404.0","405.2","405.2","403.2","0.14K","-0.29%"
"May 06, 2016","405.2","394.5","406.2","392.9","0.35K","2.71%"
"May 05, 2016","394.5","390.4","395.5","390.4","0.35K","1.06%"
"May 04, 2016","390.4","394.2","395.0","387.7","0.41K","-0.96%"
"May 03, 2016","394.2","387.9","400.0","384.5","0.80K","1.62%"
"May 02, 2016","387.9","397.3","399.5","383.0","0.60K","-2.37%"
"May 01, 2016","397.3","393.8","398.7","391.0","0.24K","0.89%"
"Apr 30, 2016","393.8","400.9","406.5","393.8","0.41K","-1.77%"
"Apr 29, 2016","400.9","398.7","405.8","394.0","0.69K","0.54%"
"Apr 28, 2016","398.7","397.1","407.5","385.6","0.76K","0.42%"
"Apr 27, 2016","397.1","416.1","416.5","391.8","1.04K","-4.58%"
"Apr 26, 2016","416.1","415.8","418.6","410.7","0.67K","0.06%"
"Apr 25, 2016","415.8","410.7","418.6","406.1","0.51K","1.25%"
"Apr 24, 2016","410.7","401.4","412.0","400.1","0.62K","2.31%"
"Apr 23, 2016","401.4","399.4","401.4","397.2","0.49K","0.50%"
"Apr 22, 2016","399.4","400.0","401.0","394.7","0.84K","-0.14%"
"Apr 21, 2016","400.0","392.1","401.0","389.8","0.97K","2.01%"
"Apr 20, 2016","392.1","385.0","393.1","384.0","0.74K","1.84%"
"Apr 19, 2016","385.0","380.1","385.0","378.3","0.67K","1.29%"
"Apr 18, 2016","380.1","385.0","385.0","379.6","0.02K","-1.28%"
"Apr 17, 2016","385.0","385.0","385.0","385.0","-","0.00%"
"Apr 16, 2016","385.0","382.7","385.0","382.3","0.21K","0.60%"
"Apr 15, 2016","382.7","378.5","384.5","378.1","0.58K","1.11%"
"Apr 14, 2016","378.5","378.0","379.5","377.0","0.50K","0.12%"
"Apr 13, 2016","378.0","375.4","378.8","374.4","0.84K","0.69%"
"Apr 12, 2016","375.4","371.7","381.5","371.4","0.67K","1.01%"
"Apr 11, 2016","371.7","371.2","373.5","368.9","0.46K","0.12%"
"Apr 10, 2016","371.2","368.4","371.8","368.0","0.22K","0.76%"
"Apr 09, 2016","368.4","368.3","369.2","365.0","0.27K","0.05%"
"Apr 08, 2016","368.3","371.1","374.4","365.6","0.65K","-0.77%"
"Apr 07, 2016","371.1","370.2","373.0","368.6","0.62K","0.24%"
"Apr 06, 2016","370.2","370.9","380.0","368.9","0.52K","-0.17%"
"Apr 05, 2016","370.9","368.8","372.9","367.5","0.57K","0.57%"
"Apr 04, 2016","368.8","369.2","370.2","367.0","0.45K","-0.12%"
"Apr 03, 2016","369.2","369.4","370.2","367.4","0.18K","-0.07%"
"Apr 02, 2016","369.4","367.2","369.7","366.0","0.27K","0.60%"
"Apr 01, 2016","367.2","366.0","367.2","364.5","0.58K","0.34%"
"Mar 31, 2016","366.0","364.7","368.0","363.8","0.56K","0.34%"
"Mar 30, 2016","364.7","368.8","368.9","361.6","0.63K","-1.09%"
"Mar 29, 2016","368.8","377.7","380.0","365.8","0.75K","-2.36%"
"Mar 28, 2016","377.7","379.7","380.9","375.0","0.32K","-0.53%"
"Mar 27, 2016","379.7","373.0","383.0","372.5","0.34K","1.80%"
"Mar 26, 2016","373.0","373.0","374.0","371.9","0.34K","0.00%"
"Mar 25, 2016","373.0","370.8","374.0","368.7","0.35K","0.60%"
"Mar 24, 2016","370.8","374.0","374.2","365.0","0.39K","-0.86%"
"Mar 23, 2016","374.0","372.0","375.6","371.0","0.32K","0.53%"
"Mar 22, 2016","372.0","366.0","372.5","365.6","0.44K","1.64%"
"Mar 21, 2016","366.0","367.0","367.1","361.1","0.46K","-0.27%"
"Mar 20, 2016","367.0","362.4","368.0","362.4","0.33K","1.27%"
"Mar 19, 2016","362.4","364.5","374.7","359.8","0.38K","-0.59%"
"Mar 18, 2016","364.5","370.7","370.8","357.0","1.14K","-1.66%"
"Mar 17, 2016","370.7","371.5","374.0","369.0","0.66K","-0.21%"
"Mar 16, 2016","371.5","374.6","383.9","371.4","0.90K","-0.85%"
"Mar 15, 2016","374.6","373.5","375.9","372.1","0.56K","0.32%"
"Mar 14, 2016","373.5","370.7","374.0","369.0","0.63K","0.74%"
"Mar 13, 2016","370.7","369.0","373.8","367.8","0.28K","0.47%"
"Mar 12, 2016","369.0","376.0","376.9","364.2","0.38K","-1.86%"
"Mar 11, 2016","376.0","371.0","378.6","371.0","1.13K","1.34%"
"Mar 10, 2016","371.0","376.0","380.4","370.2","3.08K","-1.34%"
"Mar 09, 2016","376.0","374.1","383.9","372.4","0.69K","0.52%"
"Mar 08, 2016","374.1","377.8","379.1","370.3","0.84K","-0.98%"
"Mar 07, 2016","377.8","367.3","378.7","362.8","0.71K","2.85%"
"Mar 06, 2016","367.3","362.3","372.0","356.2","0.69K","1.40%"
"Mar 05, 2016","362.3","371.6","373.3","350.7","1.35K","-2.53%"
"Mar 04, 2016","371.6","382.9","386.4","368.3","0.64K","-2.93%"
"Mar 03, 2016","382.9","391.0","391.0","376.2","1.06K","-2.08%"
"Mar 02, 2016","391.0","399.0","400.0","390.0","0.57K","-2.00%"
"Mar 01, 2016","399.0","400.8","402.0","394.0","0.51K","-0.46%"
"Feb 29, 2016","400.8","395.8","405.0","393.5","0.67K","1.26%"
"Feb 28, 2016","395.8","395.6","398.0","387.0","0.44K","0.06%"
"Feb 27, 2016","395.6","391.0","397.9","391.0","0.31K","1.18%"
"Feb 26, 2016","391.0","384.5","391.0","376.9","0.49K","1.67%"
"Feb 25, 2016","384.5","384.6","387.8","372.2","0.48K","0.00%"
"Feb 24, 2016","384.6","382.0","387.3","373.2","0.63K","0.66%"
"Feb 23, 2016","382.0","396.7","398.4","375.8","0.49K","-3.69%"
"Feb 22, 2016","396.7","393.1","398.6","388.8","0.47K","0.92%"
"Feb 21, 2016","393.1","396.9","403.8","388.5","1.09K","-0.97%"
"Feb 20, 2016","396.9","377.3","398.5","377.3","0.46K","5.18%"
"Feb 19, 2016","377.3","380.1","384.6","374.5","0.33K","-0.73%"
"Feb 18, 2016","380.1","374.3","382.7","373.0","0.52K","1.57%"
"Feb 17, 2016","374.3","366.3","381.0","364.7","0.91K","2.17%"
"Feb 16, 2016","366.3","356.8","367.0","356.1","0.63K","2.68%"
"Feb 15, 2016","356.8","360.0","364.0","353.0","0.51K","-0.89%"
"Feb 14, 2016","360.0","346.0","360.0","345.0","0.37K","4.05%"
"Feb 13, 2016","346.0","339.1","350.0","338.6","0.34K","2.02%"
"Feb 12, 2016","339.1","333.5","341.0","325.9","0.50K","1.69%"
"Feb 11, 2016","333.5","335.5","336.8","327.0","0.64K","-0.60%"
"Feb 10, 2016","335.5","330.7","341.0","328.7","0.56K","1.44%"
"Feb 09, 2016","330.7","331.8","334.4","328.3","0.65K","-0.33%"
"Feb 08, 2016","331.8","337.8","341.5","330.3","0.51K","-1.76%"
"Feb 07, 2016","337.8","336.6","342.5","334.5","0.17K","0.34%"
"Feb 06, 2016","336.6","345.3","345.5","332.5","0.30K","-2.53%"
"Feb 05, 2016","345.3","348.7","349.3","336.9","0.56K","-0.96%"
"Feb 04, 2016","348.7","332.0","348.7","331.3","0.67K","5.03%"
"Feb 03, 2016","332.0","342.0","342.9","330.4","0.49K","-2.91%"
"Feb 02, 2016","342.0","341.3","345.3","339.0","0.60K","0.19%"
"Feb 01, 2016","341.3","342.0","349.4","332.5","0.45K","-0.20%"
"Jan 31, 2016","342.0","350.6","353.3","340.3","0.28K","-2.46%"
"Jan 30, 2016","350.6","350.9","355.0","347.3","0.28K","-0.09%"
"Jan 29, 2016","350.9","348.1","355.0","333.8","0.55K","0.82%"
"Jan 28, 2016","348.1","363.1","363.2","344.1","0.87K","-4.13%"
"Jan 27, 2016","363.1","358.6","366.3","358.6","0.50K","1.24%"
"Jan 26, 2016","358.6","362.8","367.5","357.3","0.47K","-1.16%"
"Jan 25, 2016","362.8","373.4","374.9","356.7","0.44K","-2.83%"
"Jan 24, 2016","373.4","361.6","378.6","357.0","0.29K","3.27%"
"Jan 23, 2016","361.6","354.6","367.5","353.2","0.38K","1.97%"
"Jan 22, 2016","354.6","377.0","379.8","347.2","0.70K","-5.94%"
"Jan 21, 2016","377.0","375.0","388.9","371.2","0.87K","0.53%"
"Jan 20, 2016","375.0","345.2","379.6","339.8","1.36K","8.63%"
"Jan 19, 2016","345.2","348.0","355.3","340.7","0.77K","-0.79%"
"Jan 18, 2016","348.0","353.0","354.7","341.5","0.86K","-1.42%"
"Jan 17, 2016","353.0","353.1","357.3","347.8","0.60K","-0.03%"
"Jan 16, 2016","353.1","340.6","354.5","306.8","1.74K","3.65%"
"Jan 15, 2016","340.6","396.9","412.0","330.9","2.47K","-14.18%"
"Jan 14, 2016","396.9","398.4","400.5","392.3","0.41K","-0.37%"
"Jan 13, 2016","398.4","412.7","412.7","392.3","0.79K","-3.46%"
"Jan 12, 2016","412.7","416.0","416.4","410.3","0.49K","-0.80%"
"Jan 11, 2016","416.0","412.2","416.4","407.0","0.27K","0.92%"
"Jan 10, 2016","412.2","413.6","416.4","404.8","0.18K","-0.35%"
"Jan 09, 2016","413.6","416.2","417.7","411.0","0.25K","-0.61%"
"Jan 08, 2016","416.2","420.4","426.0","410.0","0.55K","-1.00%"
"Jan 07, 2016","420.4","401.9","422.0","398.9","0.78K","4.61%"
"Jan 06, 2016","401.9","402.9","404.0","398.3","0.35K","-0.26%"
"Jan 05, 2016","402.9","401.5","404.8","399.9","0.50K","0.36%"
"Jan 04, 2016","401.5","397.3","403.0","396.4","0.28K","1.05%"
"Jan 03, 2016","397.3","400.9","400.9","392.4","0.19K","-0.91%"
"Jan 02, 2016","400.9","401.0","402.6","397.6","0.18K","0.00%"
"Jan 01, 2016","401.0","397.0","403.0","394.8","0.26K","0.99%"
"Dec 31, 2015","397.0","392.6","399.5","385.0","0.32K","1.12%"
"Dec 30, 2015","392.6","395.5","399.3","386.5","0.38K","-0.72%"
"Dec 29, 2015","395.5","384.9","396.6","382.5","0.43K","2.75%"
"Dec 28, 2015","384.9","388.2","393.5","381.3","0.28K","-0.85%"
"Dec 27, 2015","388.2","380.8","392.0","376.4","0.78K","1.93%"
"Dec 26, 2015","380.8","414.5","416.6","372.6","1.31K","-8.13%"
"Dec 25, 2015","414.5","414.8","419.0","411.6","0.22K","-0.07%"
"Dec 24, 2015","414.8","407.1","420.4","404.6","0.41K","1.90%"
"Dec 23, 2015","407.1","398.3","409.7","394.0","0.38K","2.22%"
"Dec 22, 2015","398.3","399.8","405.7","395.8","0.51K","-0.39%"
"Dec 21, 2015","399.8","407.9","409.7","391.7","1.19K","-2.00%"
"Dec 20, 2015","407.9","425.2","425.8","396.0","0.89K","-4.07%"
"Dec 19, 2015","425.2","426.2","431.2","414.7","2.45K","-0.23%"
"Dec 18, 2015","426.2","420.3","429.9","418.5","0.61K","1.40%"
"Dec 17, 2015","420.3","416.3","421.7","412.0","0.66K","0.98%"
"Dec 16, 2015","416.3","423.4","424.8","404.2","0.98K","-1.67%"
"Dec 15, 2015","423.4","402.9","425.0","402.3","1.11K","5.08%"
"Dec 14, 2015","402.9","398.0","409.2","392.9","2.52K","1.22%"
"Dec 13, 2015","398.0","396.7","404.0","385.0","0.66K","0.35%"
"Dec 12, 2015","396.7","409.3","426.1","376.9","2.64K","-3.07%"
"Dec 11, 2015","409.3","381.2","412.8","378.6","1.32K","7.37%"
"Dec 10, 2015","381.2","377.5","383.3","373.1","0.34K","0.96%"
"Dec 09, 2015","377.5","364.0","386.3","360.0","0.92K","3.73%"
"Dec 08, 2015","364.0","364.8","365.0","360.0","0.02K","-0.22%"
"Dec 07, 2015","364.8","359.0","365.0","354.3","0.05K","1.62%"
"Dec 06, 2015","359.0","339.0","359.0","338.5","0.17K","5.90%"
"Dec 05, 2015","339.0","331.1","347.0","329.0","0.29K","2.39%"
"Dec 04, 2015","331.1","332.5","333.8","326.0","0.28K","-0.43%"
"Dec 03, 2015","332.5","334.7","342.0","331.2","0.26K","-0.65%"
"Dec 02, 2015","334.7","341.0","341.0","329.2","0.16K","-1.85%"
"Dec 01, 2015","341.0","355.6","358.8","335.1","0.04K","-3.99%"
"Nov 30, 2015","355.2","353.6","360.0","348.5","0.03K","0.44%"
"Nov 29, 2015","353.6","336.1","353.6","335.3","0.09K","5.21%"
"Nov 28, 2015","336.1","339.2","339.2","331.8","0.01K","-0.92%"
"Nov 27, 2015","339.2","335.7","343.4","327.2","0.07K","1.03%"
"Nov 26, 2015","335.7","309.8","346.5","309.8","0.26K","8.37%"
"Nov 25, 2015","309.8","300.9","312.0","298.5","0.49K","2.95%"
"Nov 24, 2015","300.9","303.8","304.1","300.9","0.04K","-0.96%"
"Nov 23, 2015","303.8","303.2","306.2","303.2","0.04K","0.20%"
"Nov 22, 2015","303.2","305.9","306.4","302.0","0.03K","-0.87%"
"Nov 21, 2015","305.9","300.9","308.4","300.9","0.13K","1.54%"
"Nov 20, 2015","301.2","303.0","303.5","292.5","0.05K","-0.58%"
"Nov 19, 2015","303.0","314.1","314.1","303.0","0.04K","-3.93%"
"Nov 18, 2015","315.4","315.4","316.0","310.3","0.01K","0.00%"
"Nov 17, 2015","315.4","309.2","316.0","308.8","0.08K","2.00%"
"Nov 16, 2015","309.2","302.6","312.4","297.0","0.09K","2.20%"
"Nov 15, 2015","302.6","310.0","311.9","300.0","0.37K","-2.40%"
"Nov 14, 2015","310.0","313.8","314.0","306.9","0.09K","-1.20%"
"Nov 13, 2015","313.8","307.0","315.2","304.5","0.09K","2.21%"
"Nov 12, 2015","307.0","287.8","308.3","287.8","0.88K","6.67%"
"Nov 11, 2015","287.8","311.1","316.5","280.0","0.18K","-7.49%"
"Nov 10, 2015","311.1","353.9","354.9","303.2","0.14K","-12.09%"
"Nov 09, 2015","353.9","347.9","356.0","340.0","0.08K","1.73%"
"Nov 08, 2015","347.9","360.4","361.5","343.0","0.06K","-3.48%"
"Nov 07, 2015","360.4","351.8","364.5","347.5","0.07K","2.44%"
"Nov 06, 2015","351.8","352.1","367.0","328.5","0.14K","-0.07%"
"Nov 05, 2015","352.1","366.9","411.8","320.0","0.31K","-4.04%"
"Nov 04, 2015","366.9","363.3","458.5","351.0","1.63K","0.99%"
"Nov 03, 2015","363.3","330.4","378.0","328.2","0.51K","9.95%"
"Nov 02, 2015","330.4","300.0","333.0","287.2","0.18K","10.14%"
"Nov 01, 2015","300.0","285.0","300.0","279.7","0.06K","5.26%"
"Oct 31, 2015","285.0","300.1","303.6","281.7","7.56K","-5.04%"
"Oct 30, 2015","300.1","287.3","306.2","287.3","0.32K","4.47%"
"Oct 29, 2015","287.3","277.6","292.3","277.6","0.21K","3.49%"
"Oct 28, 2015","277.6","266.5","277.6","266.5","0.70K","4.15%"
"Oct 27, 2015","266.5","258.0","268.0","258.0","0.29K","3.31%"
"Oct 26, 2015","258.0","261.1","261.1","256.5","0.04K","-1.18%"
"Oct 25, 2015","261.1","254.4","266.5","251.2","0.58K","2.63%"
"Oct 24, 2015","254.4","250.3","254.4","250.3","0.18K","1.62%"
"Oct 23, 2015","250.3","246.8","250.5","246.6","0.08K","1.43%"
"Oct 22, 2015","246.8","236.3","247.1","236.1","0.23K","4.43%"
"Oct 21, 2015","236.3","237.5","238.1","234.0","0.13K","-0.51%"
"Oct 20, 2015","237.5","234.6","238.7","233.5","0.14K","1.27%"
"Oct 19, 2015","234.6","234.0","237.5","231.7","0.46K","0.25%"
"Oct 18, 2015","234.0","239.4","240.5","228.8","0.51K","-2.26%"
"Oct 17, 2015","239.4","231.7","243.5","231.7","1.08K","3.32%"
"Oct 16, 2015","231.7","224.1","239.4","224.1","0.76K","3.36%"
"Oct 15, 2015","224.1","221.8","225.4","221.5","0.33K","1.04%"
"Oct 14, 2015","221.8","220.2","224.3","219.5","0.35K","0.74%"
"Oct 13, 2015","220.2","218.1","220.9","217.1","0.20K","0.97%"
"Oct 12, 2015","218.1","219.8","219.9","216.6","0.24K","-0.78%"
"Oct 11, 2015","219.8","216.5","219.8","216.0","0.14K","1.52%"
"Oct 10, 2015","216.5","216.9","219.3","215.6","0.14K","-0.17%"
"Oct 09, 2015","216.9","217.3","217.8","215.5","0.22K","-0.19%"
"Oct 08, 2015","217.3","217.9","219.6","216.9","0.37K","-0.30%"
"Oct 07, 2015","217.9","221.0","221.8","217.6","0.59K","-1.38%"
"Oct 06, 2015","221.0","214.8","221.7","214.6","0.85K","2.90%"
"Oct 05, 2015","214.8","214.4","214.9","212.7","0.56K","0.16%"
"Oct 04, 2015","214.4","214.9","215.0","213.9","0.31K","-0.20%"
"Oct 03, 2015","214.9","212.8","214.9","212.3","0.19K","0.97%"
"Oct 02, 2015","212.8","213.6","213.9","211.2","0.39K","-0.38%"
"Oct 01, 2015","213.6","212.2","214.6","212.0","0.57K","0.66%"
"Sep 30, 2015","212.2","212.1","213.5","210.6","0.40K","0.08%"
"Sep 29, 2015","212.1","215.1","215.7","210.6","1.19K","-1.40%"
"Sep 28, 2015","215.1","209.4","215.1","209.1","1.12K","2.69%"
"Sep 27, 2015","209.4","210.4","210.4","208.8","0.29K","-0.44%"
"Sep 26, 2015","210.4","211.0","211.2","209.5","0.24K","-0.32%"
"Sep 25, 2015","211.0","209.8","212.8","209.6","0.49K","0.59%"
"Sep 24, 2015","209.8","205.9","211.2","205.9","1.19K","1.87%"
"Sep 23, 2015","205.9","206.6","208.2","205.9","0.52K","-0.33%"
"Sep 22, 2015","206.6","203.1","208.1","201.3","1.81K","1.70%"
"Sep 21, 2015","203.1","206.9","207.0","202.8","0.54K","-1.83%"
"Sep 20, 2015","206.9","207.8","208.4","205.8","0.23K","-0.41%"
"Sep 19, 2015","207.8","208.7","208.9","206.0","0.22K","-0.44%"
"Sep 18, 2015","208.7","206.8","208.9","203.8","0.23K","0.91%"
"Sep 17, 2015","206.8","205.0","207.9","203.8","0.30K","0.88%"
"Sep 16, 2015","205.0","206.2","207.6","203.3","0.75K","-0.55%"
"Sep 15, 2015","206.2","206.7","207.9","204.3","0.52K","-0.28%"
"Sep 14, 2015","206.7","206.3","208.1","202.0","0.50K","0.20%"
"Sep 13, 2015","206.3","211.7","212.0","205.5","0.22K","-2.53%"
"Sep 12, 2015","211.7","215.6","216.1","210.6","0.34K","-1.82%"
"Sep 11, 2015","215.6","213.4","216.1","213.1","0.63K","1.05%"
"Sep 10, 2015","213.4","213.6","216.0","211.9","0.94K","-0.14%"
"Sep 09, 2015","213.6","218.6","219.0","213.6","0.36K","-2.27%"
"Sep 08, 2015","218.6","215.2","222.5","215.1","0.36K","1.57%"
"Sep 07, 2015","215.2","216.0","217.4","214.1","0.54K","-0.36%"
"Sep 06, 2015","216.0","214.9","218.8","214.9","0.21K","4.52%"
"Sep 05, 2015","206.6","207.4","207.4","206.0","0.04K","-0.35%"
"Sep 04, 2015","207.4","202.6","208.4","202.6","0.33K","2.34%"
"Sep 03, 2015","202.6","205.9","206.5","202.6","1.34K","-1.56%"
"Sep 02, 2015","205.9","203.8","206.7","203.2","0.36K","1.03%"
"Sep 01, 2015","203.8","206.6","208.2","203.0","1.47K","-1.39%"
"Aug 31, 2015","206.6","203.0","208.5","201.9","0.35K","1.81%"
"Aug 30, 2015","203.0","205.1","208.5","202.8","0.20K","-1.04%"
"Aug 29, 2015","205.1","208.9","209.2","204.1","0.22K","-1.81%"
"Aug 28, 2015","208.9","197.0","210.3","194.5","0.76K","6.05%"
"Aug 27, 2015","197.0","199.2","201.6","196.9","0.55K","-1.14%"
"Aug 26, 2015","199.2","196.6","203.6","193.5","0.86K","1.37%"
"Aug 25, 2015","196.6","187.1","200.4","175.4","0.91K","5.05%"
"Aug 24, 2015","187.1","200.2","202.6","185.3","0.93K","-6.53%"
"Aug 23, 2015","200.2","203.0","204.3","198.7","0.72K","-1.40%"
"Aug 22, 2015","203.0","205.5","206.7","196.1","0.36K","-1.18%"
"Aug 21, 2015","205.5","210.0","216.3","203.9","0.49K","-2.15%"
"Aug 20, 2015","210.0","208.2","216.9","207.2","0.67K","0.83%"
"Aug 19, 2015","208.2","230.4","262.6","202.6","0.52K","-9.61%"
"Aug 18, 2015","230.4","236.5","237.4","230.4","0.28K","-2.58%"
"Aug 17, 2015","236.5","237.0","238.9","234.0","0.19K","-0.22%"
"Aug 16, 2015","237.0","241.2","242.9","234.4","0.13K","-1.74%"
"Aug 15, 2015","241.2","244.0","244.6","241.0","0.25K","-1.14%"
"Aug 14, 2015","244.0","241.9","244.9","238.2","0.20K","0.85%"
"Aug 13, 2015","241.9","246.4","246.4","239.9","0.37K","-1.81%"
"Aug 12, 2015","246.4","247.6","248.6","241.6","0.49K","-0.50%"
"Aug 11, 2015","247.6","242.6","254.8","240.2","0.30K","2.09%"
"Aug 10, 2015","242.6","244.3","257.0","241.3","0.28K","-0.69%"
"Aug 09, 2015","244.3","245.1","246.7","240.1","0.15K","-0.35%"
"Aug 08, 2015","245.1","255.5","258.0","245.1","0.29K","-4.06%"
"Aug 07, 2015","255.5","255.1","258.1","253.4","0.23K","0.17%"
"Aug 06, 2015","255.1","258.2","264.2","255.0","0.29K","-1.22%"
"Aug 05, 2015","258.2","259.7","261.8","257.7","0.29K","-0.57%"
"Aug 04, 2015","259.7","257.5","262.1","257.1","0.62K","0.84%"
"Aug 03, 2015","257.5","257.1","264.1","256.4","0.15K","0.14%"
"Aug 02, 2015","257.1","258.1","258.2","255.7","0.09K","-0.37%"
"Aug 01, 2015","258.1","261.0","264.3","252.3","0.19K","-1.12%"
"Jul 31, 2015","261.0","264.0","265.0","260.4","0.22K","-1.13%"
"Jul 30, 2015","264.0","265.2","266.5","262.1","0.21K","-0.46%"
"Jul 29, 2015","265.2","268.1","268.6","262.4","0.26K","-1.10%"
"Jul 28, 2015","268.1","265.2","268.5","264.6","0.12K","1.12%"
"Jul 27, 2015","265.2","267.1","267.6","262.1","0.25K","-0.72%"
"Jul 26, 2015","267.1","263.6","268.1","262.8","0.16K","1.35%"
"Jul 25, 2015","263.6","263.7","265.9","261.6","0.14K","-0.06%"
"Jul 24, 2015","263.7","252.4","265.5","251.8","0.32K","4.48%"
"Jul 23, 2015","252.4","254.1","255.3","251.5","0.28K","-0.67%"
"Jul 22, 2015","254.1","253.3","255.6","252.0","0.26K","0.32%"
"Jul 21, 2015","253.3","257.5","260.0","253.3","0.37K","-1.61%"
"Jul 20, 2015","257.5","256.1","265.9","252.7","0.26K","0.54%"
"Jul 19, 2015","256.1","256.4","259.0","252.5","0.21K","-0.14%"
"Jul 18, 2015","256.4","259.0","262.3","255.5","0.22K","-1.01%"
"Jul 17, 2015","259.0","255.6","259.7","250.2","0.38K","1.35%"
"Jul 16, 2015","255.6","260.8","267.5","252.8","0.50K","-1.99%"
"Jul 15, 2015","260.8","261.6","267.7","260.8","0.43K","-0.31%"
"Jul 14, 2015","261.6","265.3","270.5","261.5","0.51K","-1.40%"
"Jul 13, 2015","265.3","281.3","281.3","253.0","0.84K","-5.67%"
"Jul 12, 2015","281.3","264.6","284.3","264.1","0.80K","6.27%"
"Jul 11, 2015","264.6","255.7","268.0","255.3","0.36K","3.49%"
"Jul 10, 2015","255.7","243.5","265.1","243.0","0.79K","4.53%"
"Jul 09, 2015","244.6","244.1","247.2","240.6","0.62K","0.22%"
"Jul 08, 2015","244.1","243.0","248.1","240.4","0.48K","0.46%"
"Jul 07, 2015","243.0","244.8","248.1","241.0","0.55K","-0.74%"
"Jul 06, 2015","244.8","233.3","252.2","233.1","0.46K","4.93%"
"Jul 05, 2015","233.3","233.1","242.5","231.6","0.47K","0.06%"
"Jul 04, 2015","233.1","231.1","233.2","229.2","0.12K","0.89%"
"Jul 03, 2015","231.1","230.6","232.1","227.6","0.26K","0.23%"
"Jul 02, 2015","230.6","233.8","236.0","229.0","0.44K","-1.37%"
"Jul 01, 2015","233.8","238.3","238.4","228.2","0.62K","-1.91%"
"Jun 30, 2015","238.3","229.7","241.6","228.7","0.49K","3.83%"
"Jun 29, 2015","229.5","227.1","231.3","225.3","0.35K","1.07%"
"Jun 28, 2015","227.1","225.7","227.5","223.1","0.25K","0.63%"
"Jun 27, 2015","225.7","216.9","225.7","216.9","0.23K","4.06%"
"Jun 26, 2015","216.9","216.1","217.5","213.9","0.16K","0.37%"
"Jun 25, 2015","216.1","215.2","217.4","214.2","0.20K","0.43%"
"Jun 24, 2015","215.2","218.3","218.9","214.7","0.17K","-1.41%"
"Jun 23, 2015","218.3","218.2","219.9","216.6","0.27K","0.00%"
"Jun 22, 2015","218.2","215.3","218.9","214.9","0.35K","1.35%"
"Jun 21, 2015","215.3","217.3","217.3","213.5","0.12K","-0.93%"
"Jun 20, 2015","217.3","217.4","217.4","217.3","0.00K","0.04%"
"Jun 19, 2015","217.3","218.9","222.2","217.3","0.26K","-0.74%"
"Jun 18, 2015","218.9","218.6","222.0","214.1","0.33K","0.11%"
"Jun 17, 2015","218.6","223.4","229.7","218.0","0.43K","-2.12%"
"Jun 16, 2015","223.4","210.4","224.1","208.5","0.39K","6.16%"
"Jun 15, 2015","210.4","207.8","211.3","207.4","0.29K","1.27%"
"Jun 14, 2015","207.8","207.2","208.8","206.9","0.06K","0.50%"
"Jun 13, 2015","206.7","204.3","207.0","203.8","0.06K","1.20%"
"Jun 12, 2015","204.3","204.0","206.9","203.5","0.22K","0.12%"
"Jun 11, 2015","204.0","201.8","205.2","201.8","0.15K","1.09%"
"Jun 10, 2015","201.8","204.0","204.0","201.5","0.09K","-1.07%"
"Jun 09, 2015","204.0","202.9","206.1","201.9","0.13K","0.55%"
"Jun 08, 2015","202.9","202.5","204.0","200.9","0.09K","0.21%"
"Jun 07, 2015","202.5","202.9","203.3","201.1","0.03K","-0.19%"
"Jun 06, 2015","202.9","203.0","203.8","202.1","0.09K","-0.07%"
"Jun 05, 2015","203.0","201.0","203.8","199.2","0.13K","0.98%"
"Jun 04, 2015","201.0","203.0","203.9","200.0","0.10K","-0.96%"
"Jun 03, 2015","203.0","202.8","203.6","202.0","0.06K","0.11%"
"Jun 02, 2015","202.8","204.1","209.0","201.8","0.08K","-0.67%"
"Jun 01, 2015","204.1","210.0","213.0","202.6","0.11K","-2.80%"
"May 31, 2015","210.0","213.1","214.6","210.0","0.06K","-1.46%"
"May 30, 2015","213.1","215.8","215.8","211.9","0.03K","-1.24%"
"May 29, 2015","215.8","216.2","216.6","214.7","0.08K","-0.17%"
"May 28, 2015","216.2","217.4","218.1","212.9","0.17K","-0.57%"
"May 27, 2015","217.4","217.2","219.6","212.1","0.21K","0.10%"
"May 26, 2015","217.2","216.0","219.0","214.6","0.29K","0.56%"
"May 25, 2015","216.0","218.9","219.9","215.2","0.17K","-1.35%"
"May 24, 2015","218.9","216.9","220.0","210.1","0.15K","0.94%"
"May 23, 2015","216.9","215.9","218.7","215.0","0.17K","0.45%"
"May 22, 2015","215.9","212.3","219.2","210.2","0.16K","1.70%"
"May 21, 2015","212.3","211.0","213.3","210.4","0.19K","0.63%"
"May 20, 2015","211.0","208.4","211.9","208.2","0.17K","1.23%"
"May 19, 2015","208.4","209.1","211.9","206.8","0.14K","-0.30%"
"May 18, 2015","209.1","207.3","209.1","206.8","0.16K","0.86%"
"May 17, 2015","207.3","208.3","209.4","207.1","0.09K","-0.49%"
"May 16, 2015","208.3","208.3","209.1","206.9","0.05K","0.00%"
"May 15, 2015","208.3","207.9","209.5","207.6","0.13K","0.18%"
"May 14, 2015","207.9","209.8","209.8","204.9","0.15K","-0.88%"
"May 13, 2015","209.8","216.5","217.4","208.5","0.11K","-3.09%"
"May 12, 2015","216.5","217.1","218.5","214.2","0.13K","-0.29%"
"May 11, 2015","217.1","215.7","219.1","214.7","0.15K","0.67%"
"May 10, 2015","215.7","217.0","218.4","213.9","0.09K","-0.62%"
"May 09, 2015","217.0","217.6","220.0","213.8","0.11K","-0.27%"
"May 08, 2015","217.6","211.3","219.9","207.3","0.21K","3.00%"
"May 07, 2015","211.3","203.9","211.6","201.2","0.23K","3.62%"
"May 06, 2015","203.9","215.9","224.4","202.4","0.25K","-5.54%"
"May 05, 2015","215.9","215.2","223.7","209.5","0.30K","0.28%"
"May 04, 2015","215.2","214.7","217.7","213.8","0.19K","0.25%"
"May 03, 2015","214.7","211.0","216.2","209.4","0.12K","1.74%"
"May 02, 2015","211.0","209.2","211.4","208.3","0.05K","0.86%"
"May 01, 2015","209.2","211.5","212.4","208.3","0.11K","-1.08%"
"Apr 30, 2015","211.5","203.6","212.9","202.5","0.26K","3.86%"
"Apr 29, 2015","203.6","204.3","204.8","203.3","0.05K","-1.12%"
"Apr 28, 2015","205.9","209.2","209.5","204.5","0.00K","-1.68%"